Name,Location,City,State,Industry,Revenue in 2022,Last Revenue Growth,ISO Code,Employees,IPO Status,Operating Status,Founding Year / Est.
Ajso Global Ecommerce LLC,United States,Anchorage,Alaska,Tobacco,$450.9m USD,0.05%,USD,164,Private,Active,n/a
Lcc Best Ecommerce Ltd.,United Kingdom,Cardiff,South Glamorgan,Electronic & Telecommunication Equipment & Parts,$418.3m USD,-2.72%,USD,6,Private,Active,2018
Astraza Ecommerce Ltd.,United Kingdom,Hayes,Middlesex,Electronic & Telecommunication Equipment & Parts,$404.3m USD,0.03%,USD,6,Private,Active,2018
"Shanghai Kaijie Ecommerce Co., Ltd.",China,Shanghai,Shanghai,"Retail Trade, Except Motor Vehicles",$374.2m USD,0.41%,USD,825,Private,Active,2010
Grays Ecommerce Group Limited,Australia,Moorebank,New South Wales,E-Commerce,$162.8m USD,1966.76%,USD,652,Private,Active,1992
Weiss Ecommerce GmbH,Germany,St. Augustin,Nordrhein-Westfalen,n/a,$150.3m USD,-10.61%,USD,295,Private,Active,2019
Hg Ecommerce GmbH,Germany,Berlin,Berlin,n/a,$149.1m USD,-1.34%,USD,295,Private,Active,2019
H & H Ecommerce GmbH,Germany,Nördlingen,Bayern,n/a,$147.5m USD,1.85%,USD,296,Private,Active,2019
Pmh Ecommerce UG,Germany,Bad Essen,Niedersachsen,n/a,$147.1m USD,-12.75%,USD,290,Private,Active,2019
"Beijing Wangshang Ecommerce Co., Ltd. Wangfujing Department Store Group",China,Beijing,Beijing,"Other Sales Excluding Stores, Stalls & Market",$145.3m USD,6.73%,USD,376,Private,Active,2011
Oh Happy Life Ecommerce GmbH,Germany,Gräfelfing,Bayern,n/a,$143.0m USD,-5.89%,USD,292,Private,Active,2011
Göhner Ecommerce GmbH,Germany,Schwäbisch Hall,Baden-Württemberg,n/a,$140.4m USD,-7.4%,USD,291,Private,Active,2019
Joyous Ecommerce GmbH,Germany,Hamburg,Hamburg,n/a,$137.0m USD,7.6%,USD,293,Private,Active,2019
Ay Ecommerce UG,Germany,Bremen,Bremen,n/a,$124.7m USD,1.86%,USD,295,Private,Active,2019
Tm Ecommerce GmbH,Germany,Herrenberg,Baden-Württemberg,n/a,$118.2m USD,-1.17%,USD,295,Private,Active,2019
Habich Ecommerce e.K.,Germany,Kappelrodeck,Baden-Württemberg,n/a,$115.6m USD,8.43%,USD,293,Private,Active,2019
Lkh Ecommerce UG,Germany,Biedenkopf,Hessen,n/a,$114.8m USD,-0.32%,USD,299,Private,Active,2019
Ecr Ecommerce Rappold GmbH,Germany,Isen,Bayern,n/a,$114.6m USD,4.13%,USD,295,Private,Active,2019
Smt Ecommerce GmbH,Germany,Talheim,Baden-Württemberg,n/a,$114.6m USD,-12.23%,USD,289,Private,Active,2019
Jeaniville Ecommerce GmbH,Germany,Hamburg,Hamburg,n/a,$114.5m USD,-2.36%,USD,294,Private,Active,2019
Sysgrade Ecommerce GmbH,Germany,Paderborn,Nordrhein-Westfalen,n/a,$113.7m USD,8.75%,USD,291,Private,Active,2019
Nordbear Ecommerce UG,Germany,Berlin,Berlin,n/a,$113.3m USD,-10.03%,USD,296,Private,Active,2019
Emefka Ecommerce UG,Germany,Bad Friedrichshall,Baden-Württemberg,n/a,$112.8m USD,14.15%,USD,292,Private,Active,2019
SCI Ecommerce Pte Ltd,Singapore,Singapore,n/a,E-Commerce,$111.4m USD,213.08%,USD,164,Private,Active,2014
Emerging Markets Asia Ecommerce Holding GmbH,Germany,Berlin,Berlin,Head Office Activities,$98.6m USD,1.4%,USD,391,Private,Active,2011
Denker Ecommerce GmbH,Germany,Wardenburg,Niedersachsen,n/a,$94.9m USD,-2.9%,USD,298,Private,Active,2019
Ecommerce.De Logistics GmbH,Germany,Berlin,Berlin,n/a,$92.6m USD,-1.13%,USD,299,Private,Active,2019
Buvec - Bundesverband Ecommerce e.V.,Germany,Köln,Nordrhein-Westfalen,n/a,$88.4m USD,2.59%,USD,297,Private,Active,2019
Cs1 Ecommerce GmbH,Germany,Frankfurt (Oder),Brandenburg,n/a,$84.1m USD,9.34%,USD,296,Private,Active,2019
Dhl Ecommerce Nordic Ab,Sweden,Solna,Stockholm,Transportation & Storage,$80.9m USD,-12.87%,USD,22,Private,Active,1963
Wagner Ecommerce Group GmbH,Germany,Nidda,Hessen,Computer Programming,$80.6m USD,7.51%,USD,196,Private,Active,n/a
Blue Dyke Ecommerce GmbH,Germany,Deutsch Evern,Niedersachsen,n/a,$78.9m USD,-6.38%,USD,292,Private,Active,2019
Happydo Ecommerce Co.Ltd.,China,Shanghai,Shanghai,Administrative & Supportive Services,$77.8m USD,-1.33%,USD,135,Private,Active,2012
Shenzhen Qianhai Based Agel Ecommerce Ltd,China,Shenzhen,Guangdong,"Other Sales Excluding Stores, Stalls & Market",$71.8m USD,0.27%,USD,369,Private,Active,2016
Ecommercesoft,United States,Austin,Texas,Computer Programming,$70.1m USD,-6.19%,USD,467,Private,Active,1998
"Wuchan Zhongda Ecommerce Co.,Ltd",China,Hangzhou,Zhejiang,Other Household Goods,$62.1m USD,-5.52%,USD,46,Private,Active,n/a
"Zhongjing Agel Ecommerce Co,Ltd.",China,Guiyang,Guizhou,Administrative & Supportive Services,$53.5m USD,-10.07%,USD,891,Private,Active,2015
Ecommerce Industries Inc.,United States,Fort Worth,Texas,Computer Programming,$48.5m USD,3.35%,USD,261,Private,Active,1998
Urumqi Tiandirenhe Agel Ecommerce Ltd,China,Urumqi,Xinjiang,Administrative & Supportive Services,$46.7m USD,8.15%,USD,924,Private,Active,2011
"China Steel Ecommerce Co.,Ltd",China,Shanghai,Shanghai,Administrative & Supportive Services,$45.4m USD,-5.56%,USD,16,Private,Active,2013
Gps Ecommerce Consulting Ltd,United States,Houston,Texas,"Finance-Related Services, Except Insurance & Pension Funding",$45.1m USD,-3.05%,USD,97,Private,Active,2013
Mim Ecommerce Inc,United States,Las Vegas,Nevada,"Finance-Related Services, Except Insurance & Pension Funding",$44.9m USD,5.23%,USD,112,Private,Active,n/a
M&L Ecommerce Ug & Co. KG,Germany,Herten,Nordrhein-Westfalen,Other Household Goods,$42.5m USD,2.94%,USD,94,Private,Active,2019
"Shenzhen Yanqiannongpi Ecommerce Co., Ltd.",China,Shenzhen,Guangdong,Other Non-Specialized Stores,$41.5m USD,4.5%,USD,313,Private,Active,2017
Oh Happy Life eCommerce GmbH,Germany,Leipzig,Sachsen,Head Office Activities,$40.5m USD,n/a,USD,84,Private,Active,2011
Talpa Ecommerce Topco B.V.,Netherlands,Amsterdam,Noord-Holland,Real Estate,$40.2m USD,3.09%,USD,184,Private,Active,n/a
Wepa Ecommerce GmbH,Germany,Arnsberg,Nordrhein-Westfalen,"Food, Beverages & Tobacco Wholesales",$39.3m USD,-4.5%,USD,110,Private,Active,2019
Belk Ecommerce LLC,United States,Charlotte,North Carolina,E-Commerce,$36.8m USD,-2.03%,USD,98,Private,Active,2008
Yangjin Dale Ecommerce Co. Ltd.,United Kingdom,Loughborough,Leicestershire,Head Office Activities,$34.1m USD,6.47%,USD,27,Private,Active,2018
Diana Ecommerce Corporation Srl,Italy,Torreglia,Padova,E-Commerce,$34.0m USD,3.75%,USD,56,Private,Active,2017
Jg-Ecommerce UG,Germany,Möser,Sachsen-Anhalt,"Food, Beverages & Tobacco Wholesales",$33.4m USD,-3.6%,USD,110,Private,Active,2019
Distribution Ecommerce Solution 360 Sl.,Spain,Madrid,Madrid,"Retail Trade, Except Motor Vehicles",$33.1m USD,4.93%,USD,14,Private,Active,2015
Whistl Ecommerce Group Ltd.,United Kingdom,Marlow,Buckinghamshire,Head Office Activities,$32.6m USD,10.37%,USD,29,Private,Active,2012
Singpost Ecommerce Logistics Holdings Pte. Ltd.,Singapore,Singapore,n/a,Real Estate,$29.7m USD,6.66%,USD,29,Private,Active,2015
Ecommerce LLC,United States,New York,New York,"Finance-Related Services, Except Insurance & Pension Funding",$28.9m USD,-0.63%,USD,99,Private,Active,2010
Sichuanmchome Agel Ecommerce Ltd.,China,Chengdu,Sichuan,Administrative & Supportive Services,$27.9m USD,2.17%,USD,510,Private,Active,2016
Ecommerce Outsourcing Srl,Italy,Milano,Milano,E-Commerce,$27.7m USD,7.36%,USD,60,Private,Active,2014
J&J Ecommerce UG,Germany,Rietberg,Nordrhein-Westfalen,"Food, Beverages & Tobacco Wholesales",$25.6m USD,-1.04%,USD,109,Private,Active,2019
Princeton Ecommerce,United States,Trenton,New Jersey,E-Commerce,$25.1m USD,-5.67%,USD,23,Private,Active,2010
Avidi Ecommerce GmbH,Germany,Deggendorf,Bayern,E-Commerce,$25.1m USD,1.96%,USD,89,Private,Active,2019
Nara Ecommerce UG,Germany,Nürnberg,Bayern,E-Commerce,$24.6m USD,14.97%,USD,89,Private,Active,2019
B2C Europe Spain Ecommerce Logistics Sl.,Spain,Coslada,Madrid,Courier Services,$23.1m USD,11.94%,USD,26,Private,Active,2013
Js Ecommerce Holding LLC,United States,Litchfield Park,Arizona,Real Estate,$22.6m USD,-12.07%,USD,27,Private,Active,n/a
Digitalrev Ecommerce Limited,Hong Kong SAR China,Cheung Sha Wan,Kowloon,"Retail Trade, Except Motor Vehicles",$22.6m USD,2.33%,USD,36,Private,Active,1998
Bxb Lean Ecommerce GmbH,Germany,Frankfurt a. Main,Hessen,E-Commerce,$22.4m USD,0.46%,USD,89,Private,Active,2019
Schmoll Ecommerce UG,Germany,Bad Münder,Niedersachsen,E-Commerce,$21.9m USD,1.25%,USD,89,Private,Active,2019
Saint Laurent Ecommerce Srl,Italy,Scandicci,Firenze,Retail Sales via Stalls & Markets,$21.0m USD,14.72%,USD,1,Private,Active,n/a
Ningbo Chisage Mulsanne Agel Ecommerce Ltd,China,Cixi,Zhejiang,Retail Sales via Stalls & Markets,$20.9m USD,2.1%,USD,964,Private,Active,2010
Ecommerce Inc,United States,Columbus,Ohio,Education,$20.4m USD,4.14%,USD,146,Private,Active,1999
Spring88 Ecommerce UG,Germany,Berlin,Berlin,E-Commerce,$20.4m USD,-4.73%,USD,88,Private,Active,2019
German Ecommerce UG,Germany,Barsbüttel,Schleswig-Holstein,E-Commerce,$20.0m USD,-15.37%,USD,89,Private,Active,2019
Jp Ecommerce Inc,United States,Forest Lake,Minnesota,"Electrical Household Appliances, Furniture, Lighting Equipment & Other Articles",$19.7m USD,0.9%,USD,63,Private,Active,2008
Shenzhen Lian Yi Agel Ecommerce Ltd,China,Shenzhen,Guangdong,Other Specialized Wholesale Activities,$18.9m USD,2.83%,USD,31,Private,Active,2017
Ecommerce Empire Corp.,United States,Riverside,California,Other Telecommunications,$18.4m USD,0.73%,USD,21,Private,Active,n/a
Sealy Ecommerce LLC,United States,Lexington,Kentucky,Furniture,$18.1m USD,-8.58%,USD,191,Private,Active,n/a
"Chaofan Ecommerce Co., Ltd.",China,Shanghai,Shanghai,Administrative & Supportive Services,$17.9m USD,-1.75%,USD,337,Private,Active,2015
"Shenzhen Jingvo Ecommerce Co., Ltd.",China,Shenzhen,Guangdong,Administrative & Supportive Services,$17.7m USD,0.17%,USD,301,Private,Active,2011
Ecommerce Accountants Llp,United Kingdom,London,London,n/a,$17.5m USD,1.7%,USD,20,Private,Active,2016
ENGINE23 Ecommerce Agency,United States,Cincinnati,Ohio,E-Commerce,$17.4m USD,5.76%,USD,19,Private,Active,2017
Virtue Ecommerce Llp,United Kingdom,London,London,n/a,$17.4m USD,5.91%,USD,13,Private,Active,2018
Nta Ecommerce Llp,United Kingdom,London,London,n/a,$17.3m USD,19.36%,USD,14,Private,Active,2018
Inovo Ecommerce Llp,United Kingdom,Lingfield,Surrey,n/a,$17.3m USD,20.34%,USD,14,Private,Active,2018
St Group Ecommerce UG,Germany,Düsseldorf,Nordrhein-Westfalen,Warehousing & Storage,$17.3m USD,6.05%,USD,89,Private,Active,2019
C7Ecommerce Ltd.,United Kingdom,Crewe,Cheshire,n/a,$17.3m USD,10.48%,USD,13,Private,Active,2012
Bv Ecommerce Srl,Italy,Montebello Vicentino,n/a,E-Commerce,$17.2m USD,-2.66%,USD,1,Private,Active,n/a
Pixel Ecommerce Ltd.,United Kingdom,Weston-Super-Mare,Avon,n/a,$17.0m USD,14.2%,USD,12,Private,Active,2016
ENGINE23 Ecommerce Agency,United States,Colorado Springs,Colorado,E-Commerce,$16.9m USD,5.3%,USD,20,Private,Active,2017
Missiondirect Ecommerce GmbH,Germany,Werneuchen,Brandenburg,E-Commerce,$16.8m USD,-9.15%,USD,88,Private,Active,2019
Enso Ecommerce GmbH,Germany,Bremen,Bremen,E-Commerce,$16.8m USD,-10.98%,USD,63,Private,Active,2017
S&P Ecommerce Ltd.,United Kingdom,London,London,n/a,$16.7m USD,12.88%,USD,14,Private,Active,2018
Simply Ecommerce Ltd.,United Kingdom,Poole,Dorset,n/a,$16.7m USD,11.14%,USD,13,Private,Active,2014
Ecommerce Trading (N.I) Llp,United Kingdom,Armagh,Co Armagh,n/a,$16.7m USD,5.07%,USD,14,Private,Active,2018
Ecommerce Corporate Llp,United Kingdom,London,London,n/a,$16.7m USD,-4.25%,USD,12,Private,Active,2018
Dabi Ecommerce GmbH,Germany,Köln,Nordrhein-Westfalen,E-Commerce,$16.7m USD,-1.66%,USD,89,Private,Active,2019
Olympus Ecommerce Ltd.,United Kingdom,London,London,n/a,$16.6m USD,7.28%,USD,12,Private,Active,2016
Blue Ocean Ecommerce Llp,United Kingdom,London,London,n/a,$16.4m USD,2.66%,USD,12,Private,Active,2018
Ella Ecommerce Llp,United Kingdom,London,London,n/a,$16.2m USD,4.32%,USD,12,Private,Active,2018
"Longjiang Changqing Ecommerce Co., Ltd.",China,Qiqihaer,Heilongjiang,Administrative & Supportive Services,$16.2m USD,3.11%,USD,310,Private,Active,2015
Wsw Ecommerce Llp,United Kingdom,London,London,n/a,$16.2m USD,10.29%,USD,13,Private,Active,2018
Rou Ecommerce Llp,United Kingdom,Ruislip,Middlesex,n/a,$16.1m USD,0.89%,USD,14,Private,Active,2018
Ecommerce Tech Ltd.,United Kingdom,Sevenoaks,Kent,n/a,$16.1m USD,0.44%,USD,12,Private,Active,2016
"Jiangsu Zhai Bian Li Ecommerce Co., Ltd.",China,Nanjing,Jiangsu,Computer Programming,$16.1m USD,10.01%,USD,191,Private,Active,2015
Sinoref Lijia Ecommerce Ltd,China,Yingde,Guangdong,"Electrical Household Appliances, Furniture, Lighting Equipment & Other Articles",$16.1m USD,7.88%,USD,216,Private,Active,2014
Ecommercedb GmbH,Germany,Hamburg,Hamburg,Computer Programming,$16.0m USD,9.2%,USD,58,Private,Active,2019
Luzern Ecommerce Holdings Limited,Ireland,n/a,n/a,"Trusts, Funds & Similar Financial Entities",$16.0m USD,-1.28%,USD,60,Private,Active,2016
Sn Ecommerce Llp,United Kingdom,London,London,n/a,$15.9m USD,-5.96%,USD,13,Private,Active,2018
Gem Ecommerce Llp,United Kingdom,London,London,n/a,$15.7m USD,-0.73%,USD,12,Private,Active,2018
Rombley Ecommerce Llc,United Kingdom,Barking,Essex,n/a,$15.7m USD,-6.6%,USD,13,Private,Active,2011
Vantiv Ecommerce LLC,United States,Lowell,Massachusetts,Computer Programming,$15.6m USD,-1.53%,USD,148,Private,Active,2012
Millers Investments And Ecommerce Ltd.,United Kingdom,Tonbridge,Kent,n/a,$15.6m USD,8.75%,USD,14,Private,Active,2018
Homedecor Ecommerce Llp,United Kingdom,London,London,n/a,$15.5m USD,-3.4%,USD,12,Private,Active,2018
Securo Ecommerce Ltd.,United Kingdom,Gerrards Cross,Buckinghamshire,n/a,$15.5m USD,-8.02%,USD,12,Private,Active,2018
Aci Ecommerce UG,Germany,Saalfeld/Saale,Thüringen,E-Commerce,$15.4m USD,-5.84%,USD,88,Private,Active,2019
International Ecommerce Group Lp,United Kingdom,Edinburgh,Midlothian,n/a,$15.4m USD,5.44%,USD,14,Private,Active,2018
My Ecommerce Accountant Ltd.,United Kingdom,Norwich,Norfolk,n/a,$15.4m USD,-3.87%,USD,14,Private,Active,2018
The Ecommerce Toolbox Ltd.,United Kingdom,London,London,n/a,$15.4m USD,0.78%,USD,13,Private,Active,2018
K&T Ecommerce UG,Germany,Paderborn,Nordrhein-Westfalen,"Textiles, Clothing & Footwear",$15.3m USD,-12.08%,USD,86,Private,Active,2019
Ecommercepartnersnet Ny Inc,United States,New York,New York,Other IT & Computer Services,$15.3m USD,-0.53%,USD,70,Private,Active,1999
Chain Reaction Ecommerce Inc,United States,Seattle,Washington,E-Commerce,$15.3m USD,-5.46%,USD,109,Private,Active,2017
Nima Ecommerce GmbH,Germany,Rietberg,Nordrhein-Westfalen,E-Commerce,$15.2m USD,-7.68%,USD,88,Private,Active,2019
"Beijing Heruikang Agel Ecommerce Co.,Ltd.",China,Beijing,Beijing,Other Goods in Specialized Stores,$15.2m USD,12.33%,USD,14,Private,Active,2011
Aios Ecommerce & Logistik GmbH,Germany,Kerken,Nordrhein-Westfalen,"Textiles, Clothing & Footwear",$15.1m USD,-3.72%,USD,86,Private,Active,2019
Lange Ecommerce Branding UG,Germany,Glinde,Schleswig-Holstein,E-Commerce,$15.0m USD,-2.39%,USD,89,Private,Active,2019
Dhl Ecommerce (Malaysia) Sdn. Bhd.,Malaysia,Puchong,Selangor,Courier Services,$14.9m USD,-13.49%,USD,23,Private,Active,1973
Operation Ecommerce Llp,United Kingdom,London,London,n/a,$14.6m USD,-1.54%,USD,14,Private,Active,2018
Nanjing Agricultural Installment Ecommerce Ltd.,China,Nanjing,Jiangsu,Administrative & Supportive Services,$14.6m USD,1.45%,USD,290,Private,Active,2015
S&M Ecommerce Group Llp,United Kingdom,London,London,n/a,$14.5m USD,-13.25%,USD,12,Private,Active,2018
"Guangdong Trade King Ecommerce Co., Ltd.",China,Lianjiang,Guangdong,Other Household Equipment in Specialized Stores,$14.5m USD,-8.06%,USD,5,Private,Active,n/a
One Stop Ecommerce Ltd.,United Kingdom,Chelmsford,Essex,n/a,$14.4m USD,-5.41%,USD,14,Private,Active,2009
Zefi Ecommerce Llp,United Kingdom,London,London,n/a,$14.3m USD,-0.05%,USD,12,Private,Active,2018
M.O. Ecommerce Solutions LLC,United States,Houston,Texas,Computer Programming,$14.3m USD,-6.74%,USD,16,Private,Active,2014
Dragon Ecommerce GmbH,Germany,Mainz,Rheinland-Pfalz,Management Consultancy,$14.0m USD,-0.22%,USD,50,Private,Active,2019
Wizards Of Ecommerce GmbH,Germany,München,Bayern,Management Consultancy,$13.8m USD,-13.63%,USD,49,Private,Active,2016
Lionowl Ecommerce UG,Germany,Düsseldorf,Nordrhein-Westfalen,Non-Specialized Wholesale Trade,$13.8m USD,18.83%,USD,86,Private,Active,2019
Smarter Ecommerce Gmbh,Austria,Linz,Oberösterreich,Computer Programming,$13.5m USD,-4.95%,USD,134,Private,Active,2007
"Guangzhou Boji Ecommerce Co., Ltd.",China,Guangzhou,Guangdong,Administrative & Supportive Services,$13.5m USD,-2.61%,USD,118,Private,Active,2015
Lapa Ecommerce GmbH,Germany,Duisburg,Nordrhein-Westfalen,Computer Programming,$13.4m USD,9.54%,USD,58,Private,Active,2019
"Zhengzhou City Love Purchase Agel Ecommerce Co., Ltd.",China,Zhengzhou,Henan,Administrative & Supportive Services,$13.2m USD,-14.09%,USD,121,Private,Active,2014
Henan Sushang Agel Ecommerce Ltd.,China,Zhengzhou,Henan,Administrative & Supportive Services,$13.2m USD,-9.28%,USD,136,Private,Active,2012
Th Ecommerce GmbH,Germany,Bielefeld,Nordrhein-Westfalen,"Textiles, Clothing & Footwear",$13.1m USD,-6%,USD,87,Private,Active,2019
Central International Ecommerce GmbH,Germany,Zossen,Brandenburg,Non-Specialized Wholesale Trade,$13.0m USD,4.07%,USD,87,Private,Active,2019
Dhl Ecommerce (Singapore) Pte. Ltd.,Singapore,Singapore,n/a,Advertising,$12.4m USD,-2.57%,USD,19,Private,Active,1994
Sh Ecommerce UG,Germany,Bremen,Bremen,E-Commerce,$12.4m USD,13.73%,USD,89,Private,Active,2019
Tako Ecommerce GmbH,Germany,Bergkamen,Nordrhein-Westfalen,E-Commerce,$12.3m USD,-12.11%,USD,89,Private,Active,2019
Infinite Styles Ecommerce Deutschland GmbH,Germany,Berlin,Berlin,Non-Specialized Wholesale Trade,$12.3m USD,-1.57%,USD,87,Private,Active,2019
Ecommerce System GmbH,Germany,Landau a. d. Isar,Bayern,Computer Programming,$12.0m USD,7.45%,USD,58,Private,Active,2018
Dyt Ecommerce GmbH,Germany,Duisburg,Nordrhein-Westfalen,"Textiles, Clothing & Footwear",$11.7m USD,4.25%,USD,87,Private,Active,2019
"Shenzhen Xin Bao Pratt & Whitney Agel Ecommerce Co., Ltd.",China,Shenzhen,Guangdong,Administrative & Supportive Services,$11.7m USD,-0.51%,USD,199,Private,Active,2016
"Beijing Jinxiudadi Ecommerce Co., Ltd.",China,Beijing,Beijing,Administrative & Supportive Services,$11.7m USD,6.57%,USD,214,Private,Active,2014
Kawoom Ecommerce GmbH,Germany,Frankfurt a. Main,Hessen,E-Commerce,$11.7m USD,-1.95%,USD,89,Private,Active,2019
Meast Ecommerce Trading Llc,United Arab Emirates,Dubai,Dubai,"Retail Trade, Except Motor Vehicles",$11.6m USD,19.09%,USD,41,Private,Active,2008
Schwarzkopf Social Ecommerce Consulting GmbH,Germany,Kronau,Baden-Württemberg,Management Consultancy,$11.3m USD,0.1%,USD,49,Private,Active,2019
Sfh Ecommerce UG,Germany,Glinde,Schleswig-Holstein,"Clothing, Footwear & Leather Articles",$11.3m USD,-2.48%,USD,110,Private,Active,2019
Yesup Ecommerce Solutions Inc,Canada,Toronto,Ontario,Research & Experimental Development on Natural Sciences & Engineering,$11.2m USD,-5.9%,USD,47,Private,Active,2001
Schibsted Ecommerce & Distribution As,Norway,Oslo,Oslo,Courier Services,$11.0m USD,0.79%,USD,134,Private,Active,2013
Mydeals247 Ecommerce Private Limited,India,Bengaluru,Karnataka,E-Commerce,$10.6m USD,-7.53%,USD,55,Private,Active,2011
Itech Ecommerce Company,India,Ghaziabad,Uttar Pradesh,Finance & Insurance-Related Activities,$10.6m USD,-3.31%,USD,86,Private,Active,2015
L-Age Ecommerce GmbH,Germany,Überherrn,Saarland,Non-Specialized Wholesale Trade,$10.5m USD,-0.66%,USD,86,Private,Active,2019
Ahold Ecommerce Sales Company LLC,United States,Jersey City,New Jersey,"Retail Trade, Except Motor Vehicles",$10.4m USD,0.52%,USD,40,Private,Active,2016
Tpbest Ecommerce Company Limited,Hong Kong SAR China,Wan Chai,Hong Kong,Other IT & Computer Services,$10.4m USD,-5.48%,USD,n/a,Private,Active,2013
"Beijing Hc Wanbang Ecommerce Co., Ltd.",China,Beijing,Beijing,Administrative & Supportive Services,$10.2m USD,-3.38%,USD,193,Private,Active,2016
Ningbo Bonded Zone Tao Tao Sheep Agel Ecommerce Ltd.,China,Ningbo,Zhejiang,"Textiles, Clothing & Footwear",$10.1m USD,-0.58%,USD,46,Private,Active,2014
Hbf Ecommerce Pty Ltd,Australia,Chatswood,n/a,Insurance & Pension-Related Services,$10.1m USD,9.4%,USD,12,Private,Active,n/a
"Zhongshan Bear Net Agel Ecommerce Co., Ltd.",China,Zhongshan,Guangdong,"Retail Trade, Except Motor Vehicles",$9.9m USD,-10.66%,USD,44,Private,Active,2017
Truinfinity Ecommerce (Opc) Private Limited,India,Bengaluru,Karnataka,"Retail Trade, Except Motor Vehicles",$9.6m USD,5.66%,USD,24,Private,Active,n/a
Ecommerce Systems Inc.,United States,Englewood,Colorado,"Computers, Peripheral Units, Software & Telecommunications Equipment",$9.5m USD,-12.48%,USD,112,Private,Active,1999
Ecommerce Trade Group LLC,United States,Foley,Alabama,"Wholesale & Retail Trade, Including Motor Vehicle Repairs",$9.5m USD,17.88%,USD,11,Private,Active,2014
Shanghai Ban Cheng Agel Ecommerce Ltd,China,Shanghai,Shanghai,Administrative & Supportive Services,$9.5m USD,0.09%,USD,236,Private,Active,2017
Medical-Ecommerce Inc,United States,San Diego,California,Other Goods in Specialized Stores,$9.4m USD,1.15%,USD,17,Private,Active,1997
"Chengdu Custom Travel Agel Ecommerce Co., Ltd.",China,Chengdu,Sichuan,Administrative & Supportive Services,$9.3m USD,-1.95%,USD,157,Private,Active,2017
"Hong Kong Vital Ecommerce Co., Limited",Hong Kong SAR China,Mongkok,n/a,Administrative & Supportive Services,$9.2m USD,4.16%,USD,3,Private,Active,n/a
"Shanghai Yaahe Ecommerce Co., Ltd.",China,Shanghai,Shanghai,Other Goods in Specialized Stores,$9.0m USD,-3.48%,USD,96,Private,Active,2009
Pt. Solusi Ecommerce Global,Indonesia,Jakarta Selatan,Jakarta,Administrative & Supportive Services,$9.0m USD,18.36%,USD,176,Private,Active,2015
Ecommerce1 Solutions GmbH,Germany,Kiel,Schleswig-Holstein,Other IT & Computer Services,$8.9m USD,18.05%,USD,38,Private,Active,2019
"Shenzhen Cross-Border Ecommerce, Ltd.",China,Shenzhen,Guangdong,Computer Programming,$8.9m USD,-6.07%,USD,188,Private,Active,n/a
"Jiangsu Vital Ecommerce Co., Ltd.",China,Huai'an,Jiangsu,"Wholesale & Retail Trade, Including Motor Vehicle Repairs",$8.8m USD,-7.14%,USD,46,Private,Active,2014
Ecommerce Pro Sarl,Lebanon,Beirut,n/a,Administrative & Supportive Services,$8.7m USD,11.69%,USD,79,Private,Active,n/a
Jokinda.De Ecommerce GmbH,Germany,Berlin,Berlin,Games & Toys,$8.7m USD,-3.01%,USD,69,Private,Active,2019
Ecommerce.De Consulting GmbH,Germany,Berlin,Berlin,Other IT & Computer Services,$8.5m USD,10.88%,USD,38,Private,Active,2019
Hamzit Al Bab Ecommerce,Jordan,Amman,n/a,Administrative & Supportive Services,$8.5m USD,-2.07%,USD,69,Private,Active,n/a
Bravura Ecommerce Solutions Pty Ltd,Australia,Sydney,New South Wales,Computer Programming,$8.4m USD,-1.43%,USD,66,Private,Active,1987
Twindi Ecommerce,Bahrain,Tubli,n/a,Administrative & Supportive Services,$8.3m USD,-3.64%,USD,67,Private,Active,n/a
Fördergesellschaft eCommerce mbH,Germany,Hamburg,Hamburg,E-Commerce,$8.3m USD,-16.23%,USD,42,Private,Active,2006
Be Cosy For Ecommerce,Qatar,Doha,n/a,Administrative & Supportive Services,$8.3m USD,-4.67%,USD,67,Private,Active,n/a
Krp Ecommerce LLC,United States,Osseo,Minnesota,Computer Programming,$8.1m USD,-5.69%,USD,27,Private,Active,n/a
House Of Ecommerce GmbH,Germany,Düsseldorf,Nordrhein-Westfalen,Other IT & Computer Services,$8.0m USD,6.73%,USD,38,Private,Active,2019
Sanoshop Ecommerce (Opc) Private Limited,India,New Delhi,Delhi,Radio Broadcasting,$7.9m USD,-4.62%,USD,30,Private,Active,n/a
Schnapper Ecommerce By Cb GmbH,Germany,Köln,Nordrhein-Westfalen,Non-Specialized Wholesale Trade,$7.9m USD,20.78%,USD,86,Private,Active,2019
Katlogg Ecommerce Solutions Limited,Nigeria,Lagos,n/a,Telecommunications,$7.8m USD,2.84%,USD,25,Private,Active,n/a
Everest For Ecommerce And Logistic Services,Jordan,Amman,n/a,Administrative & Supportive Services,$7.8m USD,-7.65%,USD,65,Private,Active,n/a
Shanxi Global Frog Agel Ecommerce Ltd,China,Taiyuan,Shanxi,Administrative & Supportive Services,$7.5m USD,0.03%,USD,150,Private,Active,2015
Retail Ecommerce Ventures LLC,United States,Miami Beach,Florida,"Electrical Household Appliances, Furniture, Lighting Equipment & Other Articles",$7.3m USD,-9.74%,USD,18,Private,Active,n/a
"Henan Yi Hao Agel Ecommerce Co., Ltd.",China,Zhengzhou,Henan,Computer Programming,$7.2m USD,0.44%,USD,151,Private,Active,2016
Enso Ecommerce Sl.,Spain,Santa Cruz De Tenerife,Tenerife,E-Commerce,$7.2m USD,11.05%,USD,2,Private,Active,2017
eCommerceLab UG,Germany,Feldafing,Bayern,Computer Consultancy & Facilities Management,$7.2m USD,-1.5%,USD,77,Private,Active,2011
"Wuhan Whale Ecommerce Co.,Ltd.",China,Wuhan,Hubei,Other Non-Specialized Stores,$7.2m USD,-9.75%,USD,53,Private,Active,2016
Shanghai Shang Chao Agel Ecommerce Ltd.,China,Shanghai,Shanghai,Food,$7.0m USD,-6.66%,USD,155,Private,Active,2017
Sb Ecommerce Group Oy,Finland,Lahti,Päijät-Häme,E-Commerce,$6.9m USD,-1.32%,USD,4,Private,Active,2012
Ecommerce Gurus Inc,United States,Saint George,Utah,Other Machinery & Equipment,$6.9m USD,2.94%,USD,19,Private,Active,2006
Varadvinayak Ecommerce Solutions Private Limited,India,Ahmedabad,Gujarat,Radio Broadcasting,$6.9m USD,10.87%,USD,29,Private,Active,n/a
Stealtrip Ecommerce Private Limited,India,Rupnagar,Punjab,Radio Broadcasting,$6.8m USD,1.26%,USD,28,Private,Active,n/a
Gobrecht & Ulrich Ecommerce UG,Germany,Neustadt a. d. Donau,Bayern,"Books, Newspapers & Stationery",$6.8m USD,-11.13%,USD,38,Private,Active,2016
Ihad Ecommerce Inc,Canada,Toronto,Ontario,"Retail Trade, Except Motor Vehicles",$6.6m USD,3.84%,USD,10,Private,Active,n/a
Baahy Ecommerce Company,Libya,Tripoli,n/a,Telecommunications,$6.6m USD,6.36%,USD,19,Private,Active,n/a
Infinite Ecommerce Solutions Inc,Canada,Mississauga,Ontario,E-Commerce,$6.5m USD,-5.54%,USD,9,Private,Active,2013
Pvs Ecommerce-Services GmbH,Germany,Meckenheim,Nordrhein-Westfalen,Packaging Activities,$6.4m USD,0.92%,USD,271,Private,Active,2006
Unolen Ecommerce Private Limited,India,Dewas,Madhya Pradesh,"Retail Trade, Except Motor Vehicles",$6.3m USD,12.26%,USD,26,Private,Active,n/a
De Nieuwe Zaak Ecommerce B.V.,Netherlands,Zwolle,Overijssel,Management Consultancy,$6.3m USD,-6.11%,USD,75,Private,Active,2008
Localetail Ecommerce Services Private Limited,India,Mumbai,Maharashtra,"Wholesale & Retail Trade, Including Motor Vehicle Repairs",$6.3m USD,2.68%,USD,37,Private,Active,n/a
Sloppy Deals Ecommerce Private Limited,India,Kolkata,West Bengal,"Wholesale & Retail Trade, Including Motor Vehicle Repairs",$6.3m USD,-6.59%,USD,34,Private,Active,n/a
Honchos Ecommerce Private Limited,India,New Delhi,Delhi,"Wholesale & Retail Trade, Including Motor Vehicle Repairs",$6.3m USD,-6.95%,USD,33,Private,Active,n/a
Business Boomers For Ecommerce Llc,Egypt,Cairo,Cairo,Telecommunications,$6.3m USD,-11.7%,USD,19,Private,Active,2015
Jpk Ecommerce GmbH,Germany,Hannover,Niedersachsen,Sporting Equipment,$6.2m USD,-3.63%,USD,25,Private,Active,2018
Sparkcuty Ecommerce India Private Limited,India,Bengaluru,Karnataka,"Wholesale & Retail Trade, Including Motor Vehicle Repairs",$6.2m USD,-13.54%,USD,33,Private,Active,n/a
Logipool Ecommerce Solutions Private Limited,India,Bengaluru Rural,Karnataka,Radio Broadcasting,$6.2m USD,-8.57%,USD,24,Private,Active,n/a
Tokoi Ecommerce Oy,Finland,Helsinki,n/a,E-Commerce,$6.2m USD,1.61%,USD,7,Private,Active,2015
"Chuxiong Yiyouyimei Agel Ecommerce Co., Ltd.",China,Chuxiong,Yunnan,"Retail Trade, Except Motor Vehicles",$6.1m USD,4.84%,USD,31,Private,Active,2017
Kartofill Ecommerce Llp,India,Kamrup,Assam,"Wholesale & Retail Trade, Including Motor Vehicle Repairs",$6.0m USD,-9.53%,USD,35,Private,Active,n/a
Guangzhou Haihuo Ecommerce Ltd,China,Guangzhou,Guangdong,Administrative & Supportive Services,$6.0m USD,12.26%,USD,113,Private,Active,2016
Ecommerce Space Srl,Italy,Milano,Milano,E-Commerce,$6.0m USD,-9.01%,USD,1,Private,Active,n/a
"Shenzhen Qianhai Yunjipin Ecommerce Co., Ltd.",China,Shenzhen,Guangdong,Administrative & Supportive Services,$6.0m USD,-0.53%,USD,99,Private,Active,2014
"Shijiazhuang Good Folks Agel Ecommerce Co., Ltd.",China,Shijiazhuang,Hebei,Administrative & Supportive Services,$5.9m USD,2.23%,USD,102,Private,Active,2015
Luohe City Chiyun Agel Ecommerce Ltd,China,Luohe,Henan,Other IT & Computer Services,$5.9m USD,-4.74%,USD,82,Private,Active,2015
Vainkho Ecommerce Private Limited,India,Thane,Maharashtra,E-Commerce,$5.9m USD,16.19%,USD,32,Private,Active,n/a
Boost Ecommerce Private Limited,India,Mumbai,Maharashtra,"Wholesale & Retail Trade, Including Motor Vehicle Repairs",$5.9m USD,2.36%,USD,33,Private,Active,n/a
Wlec White Label Ecommerce GmbH,Germany,Hamburg,Hamburg,Other Personal Service Activities,$5.9m USD,3.44%,USD,36,Private,Active,2012
Kemexel Ecommerce Private Limited,India,Gurugram,Haryana,Management Consultancy,$5.9m USD,11.22%,USD,81,Private,Active,2015
Alt Finecom Finishing - Ecommerce - Logistics GmbH,Germany,Plattling,Bayern,Other Transportation Support Activities,$5.9m USD,10.62%,USD,110,Private,Active,2006
Local Market Ecommerce (Pty) Ltd,South Africa,Midrand Ext 14,n/a,"Retail Trade, Except Motor Vehicles",$5.9m USD,-5.04%,USD,14,Private,Active,n/a
Mafhu Ecommerce India Private Limited,India,Bengaluru,Karnataka,"Wholesale & Retail Trade, Including Motor Vehicle Repairs",$5.9m USD,7.76%,USD,35,Private,Active,n/a
Climapreneur Ecommerce Private Limited,India,Delhi,Delhi,"Other Sales Excluding Stores, Stalls & Market",$5.9m USD,-1.77%,USD,28,Private,Active,n/a
Rewfa Ecommerce Private Limited,India,Thane,Maharashtra,"Wholesale & Retail Trade, Including Motor Vehicle Repairs",$5.8m USD,0.12%,USD,32,Private,Active,n/a
"Jiangsu Times Agel Ecommerce Co.,Ltd.",China,Nanjing,Jiangsu,Administrative & Supportive Services,$5.8m USD,14.5%,USD,115,Private,Active,2015
Ohio Ecommerce Logistics LLC,United States,Dayton,Ohio,"Electrical Household Appliances, Furniture, Lighting Equipment & Other Articles",$5.8m USD,2.59%,USD,23,Private,Active,n/a
Golden Peacock Ecommerce Private Limited,India,Kolkata,West Bengal,"Other Sales Excluding Stores, Stalls & Market",$5.8m USD,7.8%,USD,30,Private,Active,n/a
Vedson Ecommerce Private Limited,India,Surendranagar,Gujarat,"Wholesale & Retail Trade, Including Motor Vehicle Repairs",$5.8m USD,-0.87%,USD,36,Private,Active,n/a
Jiyaking Smartpay Ecommerce Private Limited,India,Munger,Bihar,"Wholesale & Retail Trade, Including Motor Vehicle Repairs",$5.8m USD,5.98%,USD,34,Private,Active,n/a
Fiege Ecommerce Logistics Srl,Italy,Lainate,Milano,Warehousing & Storage,$5.7m USD,1.83%,USD,34,Private,Active,n/a
Dhanwantri Ecommerce Private Limited,India,Rampur,Uttar Pradesh,E-Commerce,$5.7m USD,1.21%,USD,28,Private,Active,n/a
"Keh Ecommerce, Llc",Russia,Moscow,n/a,Advertising,$5.7m USD,9.19%,USD,1,Private,Active,2007
Vividh Mart Ecommerce Private Limited,India,Lakhimpur,Assam,E-Commerce,$5.7m USD,0.74%,USD,28,Private,Active,n/a
Jkl Ecommerce GmbH,Germany,Düsseldorf,Nordrhein-Westfalen,Other IT & Computer Services,$5.7m USD,-12.79%,USD,38,Private,Active,2016
Mohanta Ecommerce Private Limited,India,Mayurbhanj,Odisha,"Wholesale & Retail Trade, Including Motor Vehicle Repairs",$5.7m USD,-5.17%,USD,30,Private,Active,n/a
"Wuhan Xiantianxia Ecommerce Co., Ltd.",China,Wuhan,Hubei,Administrative & Supportive Services,$5.7m USD,-2.62%,USD,28,Private,Active,2017
Jt Ecommerce LLC,United States,Holly Springs,North Carolina,Structural Metal Products,$5.6m USD,6.82%,USD,19,Private,Active,n/a
Chatkart Ecommerce Private Limited,India,Katihar,Bihar,E-Commerce,$5.6m USD,1.89%,USD,28,Private,Active,n/a
Ps Ecommerce GmbH,Germany,Langenargen,Baden-Württemberg,Other Household Goods,$5.6m USD,1.34%,USD,6,Private,Active,2019
"Shanghai Kechong Ecommerce Co., Ltd.",China,Shanghai,Shanghai,Administrative & Supportive Services,$5.6m USD,2.93%,USD,103,Private,Active,2014
Beijing Wine Street Network Agel Ecommerce Ltd,China,Beijing,Beijing,Administrative & Supportive Services,$5.6m USD,5.3%,USD,78,Private,Active,2007
Sharabani Ecommerce Private Limited,India,Rangareddy,Telangana,"Wholesale & Retail Trade, Including Motor Vehicle Repairs",$5.5m USD,-7.18%,USD,30,Private,Active,n/a
Pt. Mitra Ecommerce Global,Indonesia,Tangerang,n/a,Telecommunications,$5.5m USD,5.95%,USD,51,Private,Active,2014
Beijing Very Fresh Agel Ecommerce Ltd.,China,Jinan,Shandong,"Retail Trade, Except Motor Vehicles",$5.5m USD,4.96%,USD,19,Private,Active,n/a
Mcli Ecommerce Private Limited,India,Hazaribag,Jharkhand,"Wholesale & Retail Trade, Including Motor Vehicle Repairs",$5.4m USD,3.06%,USD,33,Private,Active,n/a
Salujacart Ecommerce Private Limited,India,East Singhbhum,Jharkhand,"Wholesale & Retail Trade, Including Motor Vehicle Repairs",$5.4m USD,-3.69%,USD,31,Private,Active,n/a
Battstore Ecommerce Private Limited,India,Ahmedabad,Gujarat,"Wholesale & Retail Trade, Including Motor Vehicle Repairs",$5.4m USD,2.72%,USD,33,Private,Active,n/a
Myyshopp Ecommerce Technologies Private Limited,India,Pune,Maharashtra,E-Commerce,$5.4m USD,12.17%,USD,28,Private,Active,2016
Targetbay Ecommerce Solutions Private Limited,India,Chennai,n/a,"Computer Programming, Consultancy",$5.4m USD,4.71%,USD,60,Private,Active,2016
Aaa Ecommerce Solutions Private Limited,India,Aurangabad,Maharashtra,"Wholesale & Retail Trade, Including Motor Vehicle Repairs",$5.4m USD,-1.42%,USD,32,Private,Active,n/a
Wotrasi Ecommerce Private Limited,India,Udupi,Karnataka,"Other Sales Excluding Stores, Stalls & Market",$5.3m USD,0.92%,USD,30,Private,Active,2016
"Wuhan Steel Ecommerce Co., Ltd.",China,Wuhan,Hubei,Administrative & Supportive Services,$5.3m USD,6.35%,USD,6,Private,Active,2017
Aaradhya & Awantika Ecommerce Private Limited,India,Bhopal,Madhya Pradesh,"Wholesale & Retail Trade, Including Motor Vehicle Repairs",$5.3m USD,6.62%,USD,34,Private,Active,n/a
Streetcorner Ecommerce Limited,Hong Kong SAR China,Tsim Sha Tsui East,n/a,Computer Programming,$5.3m USD,-5.03%,USD,118,Private,Active,2014
Denmakers Ecommerce Private Limited,India,Kolkata,West Bengal,"Wholesale & Retail Trade, Including Motor Vehicle Repairs",$5.3m USD,-1.49%,USD,32,Private,Active,n/a
Nanjing Line0 Agel Ecommerce Ltd,China,Shanghai,Shanghai,Administrative & Supportive Services,$5.3m USD,-7.21%,USD,95,Private,Active,2012
Lotus Ecommerce Private Limited,India,Surat,Gujarat,"Wholesale & Retail Trade, Including Motor Vehicle Repairs",$5.2m USD,-3.55%,USD,31,Private,Active,n/a
Chaulkhowa Ecommerce Private Limited,India,Nalbari,Assam,"Wholesale & Retail Trade, Including Motor Vehicle Repairs",$5.2m USD,-3.73%,USD,31,Private,Active,n/a
Global Jet Ecommerce (Thailand) Company Limited,Thailand,Din Daeng,n/a,E-Commerce,$5.2m USD,-5.1%,USD,4,Private,Active,n/a
Cr Ecommerce Private Limited,India,Secunderabad,Telangana,"Wholesale Trade, Except Motor Vehicles",$5.2m USD,-1.81%,USD,19,Private,Active,2016
Mebay Ecommerce (Nz) Limited,New Zealand,Auckland,Auckland,E-Commerce,$5.1m USD,13.35%,USD,29,Private,Active,2017
Manchariya Ecommerce Private Limited,India,Hooghly,West Bengal,"Wholesale & Retail Trade, Including Motor Vehicle Repairs",$5.1m USD,-14.78%,USD,27,Private,Active,n/a
"Guangzhou Maicaobao Ecommerce Co., Ltd.",China,Guangzhou,Guangdong,Domestic Appliances,$5.0m USD,3.43%,USD,31,Private,Active,n/a
Rstore Ecommerce Private Limited,India,Anantapur,Andhra Pradesh,"Other Sales Excluding Stores, Stalls & Market",$5.0m USD,-14.51%,USD,24,Private,Active,n/a
"Shangli County Supply And Marketing Agel Ecommerce Co., Ltd.",China,Pingxiang,Jiangxi,Administrative & Supportive Services,$5.0m USD,-15.58%,USD,83,Private,Active,2015
Magic Ecommerce Private Limited,India,Bengaluru,Karnataka,Paper & Related Products,$5.0m USD,10.55%,USD,110,Private,Active,2012
Karmic Sanchita Ecommerce Private Limited,India,Thane,Maharashtra,Administrative & Supportive Services,$5.0m USD,-3%,USD,97,Private,Active,2010
Daar Al Mostaqbal For Ecommerce,Saudi Arabia,Jeddah,n/a,Telecommunications,$5.0m USD,21.3%,USD,54,Private,Active,n/a
Mama Ecommerce GmbH,Germany,Berlin,Berlin,Other IT & Computer Services,$4.9m USD,13.61%,USD,38,Private,Active,2019
Natura Market Ecommerce Inc,Canada,Mississauga,Ontario,Other Non-Specialized Stores,$4.9m USD,4.47%,USD,21,Private,Active,2016
Leao Ecommerce Private Limited,India,Chittoor,Andhra Pradesh,"Wholesale & Retail Trade, Including Motor Vehicle Repairs",$4.9m USD,-6.01%,USD,29,Private,Active,n/a
Easify Ecommerce India Llp,India,Coimbatore,Tamil Nadu,"Wholesale & Retail Trade, Including Motor Vehicle Repairs",$4.9m USD,-8.36%,USD,26,Private,Active,n/a
Al-Jazirah Ecommerce Distribution Company,Saudi Arabia,Riyadh,n/a,Administrative & Supportive Services,$4.9m USD,-1.22%,USD,24,Private,Active,2016
Distribuyen Ecommerce Group Sl.,Spain,Alcoyalcoi,Alicante,Textiles,$4.9m USD,-1.01%,USD,5,Private,Active,2010
M.Z Ecommerce Ltd,Israel,Mevo Horon,n/a,Other Textiles,$4.9m USD,1.49%,USD,51,Private,Active,n/a
Cosmic Ecommerce Llp,India,Rajkot,Gujarat,"Wholesale & Retail Trade, Including Motor Vehicle Repairs",$4.8m USD,-10.91%,USD,26,Private,Active,n/a
Gb Ecommerce Pty. Ltd.,Australia,Torquay,n/a,"Computer Programming, Consultancy",$4.8m USD,18.68%,USD,9,Private,Active,2001
Sdl Ecommerce UG,Germany,Leipzig,Sachsen,Other IT & Computer Services,$4.8m USD,9.17%,USD,38,Private,Active,2019
Zero Zero Four International For Ecommerce,Qatar,Doha,n/a,Telecommunications,$4.8m USD,15.21%,USD,51,Private,Active,n/a
Hare Srinivasa Ecommerce Llp,India,Bengaluru,Karnataka,Other Household Goods,$4.8m USD,-0.97%,USD,28,Private,Active,n/a
"Guizhou Miao And Dong Villages Ecommerce Co., Ltd.",China,Guiyang,Guizhou,Other Specialized Wholesale Activities,$4.8m USD,-7.49%,USD,37,Private,Active,2015
Wilkoe Ecommerce Private Limited,India,Bengaluru,n/a,"Other Machinery, Equipment & Tangible Goods",$4.8m USD,2.86%,USD,25,Private,Active,n/a
Ecommerce Consultants Private Limited,India,Hyderabad,Telangana,Management Consultancy,$4.8m USD,-0.19%,USD,325,Private,Active,2005
Cloudfy Ecommerce India Private Limited,India,New Delhi,Delhi,"Computer Programming, Consultancy",$4.8m USD,-0.69%,USD,49,Private,Active,n/a
Lucky Ecommerce Limited,Hong Kong SAR China,Central District,n/a,"Wholesale & Retail Trade, Including Motor Vehicle Repairs",$4.8m USD,-0.45%,USD,15,Private,Active,2017
Jointown Chinese Herbal Medicine Agel Ecommerce Ltd,China,Wuhan,Hubei,Administrative & Supportive Services,$4.7m USD,0.17%,USD,41,Private,Active,2014
"Zhejiang Yitong Agel Ecommerce Cop.,Ltd.",China,Huzhou,Zhejiang,Administrative & Supportive Services,$4.7m USD,-7.66%,USD,23,Private,Active,2014
Tvl Ecommerce Consultant,United States,Chula Vista,California,Construction,$4.7m USD,1.04%,USD,39,Private,Active,2013
Standard Distribution Ecommerce LLC,United States,Raleigh,North Carolina,Other Household Goods,$4.7m USD,16.33%,USD,5,Private,Active,n/a
Wunder Ecommerce Llp,India,Chandigarh,Chandigarh,"Wholesale & Retail Trade, Including Motor Vehicle Repairs",$4.6m USD,-8.54%,USD,26,Private,Active,n/a
"Dhl Ecommerce Nordic, Filial Af Dhl Ecommerce Nordic Ab",Denmark,Brøndby,Hovedstaden,Courier Services,$4.6m USD,-14.54%,USD,93,Private,Active,2008
Explorista Ecommerce Private Limited,India,Durg,Chhattisgarh,"Wholesale & Retail Trade, Including Motor Vehicle Repairs",$4.5m USD,-1.67%,USD,26,Private,Active,n/a
Ncarts Ecommerce Private Limited,India,Thanjavur,Tamil Nadu,"Wholesale & Retail Trade, Including Motor Vehicle Repairs",$4.5m USD,3.69%,USD,25,Private,Active,n/a
Vmp Ecommerce LLC,United States,Naperville,Illinois,Computer Programming,$4.5m USD,-13.63%,USD,7,Private,Active,n/a
S2M Ecommerce Private Limited,India,Lucknow,Uttar Pradesh,"Computer Programming, Consultancy",$4.5m USD,9.33%,USD,53,Private,Active,n/a
Eglence Ecommerce Llp,India,Pune,Maharashtra,Other Household Goods,$4.4m USD,11.77%,USD,26,Private,Active,n/a
Ecommerce Consulting Partners Ltd.,United Kingdom,Harrow,Middlesex,Reinsurance,$4.4m USD,4.75%,USD,6,Private,Active,2018
"Tianjin Tasly Agel Ecommerce Co., Ltd.",China,Tianjin,Tianjin,"Pharmaceutical or Medical Goods, Cosmetic & Toilet Articles",$4.4m USD,6.42%,USD,92,Private,Active,2013
Ebuynow Ecommerce Ltd,Canada,Victoria,British Columbia,Other Non-Specialized Stores,$4.4m USD,0.01%,USD,14,Private,Active,2012
"Xiamen Provincial Agel Ecommerce Co., Ltd.",China,Xiamen,Fujian,Administrative & Supportive Services,$4.4m USD,5.24%,USD,541,Private,Active,2016
Canada China Ecommerce Alliance,Canada,Mississauga,Ontario,Finance & Insurance,$4.4m USD,3.78%,USD,6,Private,Active,2016
Flatepic Ecommerce Private Limited,India,Alwar,Rajasthan,"Wholesale & Retail Trade, Including Motor Vehicle Repairs",$4.3m USD,18.7%,USD,28,Private,Active,n/a
T19Origin Ecommerce Private Limited,India,Pune,Maharashtra,"Wholesale & Retail Trade, Including Motor Vehicle Repairs",$4.3m USD,2.46%,USD,24,Private,Active,n/a
Ebuynow Ecommerce Limited,Hong Kong SAR China,Kowloon Bay,Kowloon,"Wholesale & Retail Trade, Including Motor Vehicle Repairs",$4.3m USD,2.46%,USD,14,Private,Active,2016
Global Ecommerce Group Ltd.,United Kingdom,Cheltenham,Gloucestershire,Non-Specialized Wholesale Trade,$4.3m USD,-4.43%,USD,2,Private,Active,2018
Payease (Beijing) Ecommerce Ltd.,China,Beijing,Beijing,"Computers, Peripheral Units, Software & Telecommunications Equipment",$4.3m USD,7.08%,USD,53,Private,Active,2008
Favori Ecommerce,Belgium,Bruxelles,Bruxelles-Capitale,Warehousing & Storage,$4.3m USD,-2.74%,USD,19,Private,Active,n/a
Bhuvika Ecommerce Private Limited,India,Gurugram,Haryana,"Wholesale & Retail Trade, Including Motor Vehicle Repairs",$4.3m USD,4.33%,USD,24,Private,Active,n/a
"Guangzhou Ucars Ecommerce Co., Ltd",China,Guangzhou,Guangdong,Computer Programming,$4.2m USD,3.59%,USD,103,Private,Active,2014
Mehandi&Sons Ecommerce Private Limited,India,Nainital,Uttarakhand,"Wholesale & Retail Trade, Including Motor Vehicle Repairs",$4.2m USD,14.8%,USD,26,Private,Active,n/a
Pws Ecommerce Company Limited,Thailand,Din Daeng,n/a,Finance & Insurance,$4.2m USD,-5.85%,USD,17,Private,Active,n/a
Ecommerce Arabia,Jordan,Amman,n/a,Telecommunications,$4.2m USD,-16.44%,USD,48,Private,Active,2013
China Interconnected Agel Ecommerce Ltd,China,Nanjing,Jiangsu,"Wholesale & Retail Trade, Including Motor Vehicle Repairs",$4.2m USD,-8.89%,USD,23,Private,Active,2017
Vedavaag Kiya Ecommerce Private Limited,India,Hyderabad,Telangana,"Wholesale & Retail Trade, Including Motor Vehicle Repairs",$4.2m USD,3.31%,USD,23,Private,Active,n/a
Nomidya Ecommerce,Morocco,Biougra (M),n/a,"Wholesale & Retail Trade, Including Motor Vehicle Repairs",$4.1m USD,3.28%,USD,10,Private,Active,n/a
"Shenzhen Through The Agel Ecommerce Co., Ltd.",China,Shenzhen,Guangdong,Telecommunications,$4.1m USD,2.96%,USD,7,Private,Active,2013
Fromhomemade Ecommerce Private Limited,India,Noida,Uttar Pradesh,"Computer Programming, Consultancy",$4.1m USD,17.09%,USD,49,Private,Active,n/a
Ecommerce Ventures Inc,United States,Pendleton,Kentucky,E-Commerce,$4.1m USD,11.12%,USD,3,Private,Active,2013
Voiceback Ecommerce Private Limited,India,Delhi,Delhi,"Computer Programming, Consultancy",$4.1m USD,-0.88%,USD,42,Private,Active,n/a
"Hunan Port Yao Yu Cross-Border Agel Ecommerce Co., Ltd.",China,Changsha,Hunan,Motor Vehicle Parts & Accessories,$4.1m USD,-3.88%,USD,19,Private,Active,2015
Binaculor Ecommerce Private Limited,India,Coimbatore,Tamil Nadu,"Other Sales Excluding Stores, Stalls & Market",$4.1m USD,-3.18%,USD,21,Private,Active,n/a
United Ecommerce Inc,United States,San Francisco,California,"Finance-Related Services, Except Insurance & Pension Funding",$4.1m USD,19.88%,USD,4,Private,Active,2007
Crazyspeed Ecommerce Private Limited,India,Bengaluru,Karnataka,"Wholesale & Retail Trade, Including Motor Vehicle Repairs",$4.0m USD,-1.62%,USD,23,Private,Active,n/a
Kenara Ecommerce Private Limited,India,New Delhi,Delhi,"Wholesale & Retail Trade, Including Motor Vehicle Repairs",$4.0m USD,-5.67%,USD,22,Private,Active,n/a
Bvend Ecommerce (Opc) Private Limited,India,Sivaganga,Tamil Nadu,"Other Sales Excluding Stores, Stalls & Market",$4.0m USD,2.56%,USD,22,Private,Active,n/a
Ll Ecommerce,United States,Springfield,Missouri,E-Commerce,$4.0m USD,6.57%,USD,4,Private,Active,2005
Arrangehere Ecommerce Private Limited,India,Tirunelveli,n/a,"Other Sales Excluding Stores, Stalls & Market",$4.0m USD,16.73%,USD,22,Private,Active,n/a
Shopyloot Ecommerce Private Limited,India,East Godavari,Andhra Pradesh,E-Commerce,$4.0m USD,1.66%,USD,22,Private,Active,n/a
Gfg Ecommerce Technologies GmbH,Germany,Berlin,Berlin,Computer Programming,$4.0m USD,-50.28%,USD,41,Private,Active,2017
Ecommerce Web Design Dev,United States,Costa Mesa,California,Other IT & Computer Services,$4.0m USD,-0.65%,USD,15,Private,Active,n/a
Freedom Ecommerce LLC,United States,Cornelius,North Carolina,E-Commerce,$4.0m USD,5.89%,USD,3,Private,Active,2010
Intelsense Ecommerce & Services Private Limited,India,Thrissur,Kerala,"Wholesale & Retail Trade, Including Motor Vehicle Repairs",$4.0m USD,6.7%,USD,25,Private,Active,n/a
Anjali Ecommerce Private Limited,India,Kolkata,n/a,"Wholesale & Retail Trade, Including Motor Vehicle Repairs",$4.0m USD,9.72%,USD,25,Private,Active,n/a
Amra Ecommerce Private Limited,India,Medak,Telangana,"Other Sales Excluding Stores, Stalls & Market",$3.9m USD,1.89%,USD,21,Private,Active,n/a
Paisabox Ecommerce Private Limited,India,Bengaluru,n/a,"Retail Trade, Except Motor Vehicles",$3.9m USD,7.53%,USD,13,Private,Active,n/a
It All Ecommerce LLC,United States,Hamden,Connecticut,Other IT & Computer Services,$3.9m USD,10.44%,USD,8,Private,Active,2015
Tuktin Ecommerce Private Limited,India,Coimbatore,Tamil Nadu,E-Commerce,$3.9m USD,7.44%,USD,22,Private,Active,n/a
Qwicart Ecommerce India Private Limited,India,Bengaluru,Karnataka,"Wholesale & Retail Trade, Including Motor Vehicle Repairs",$3.9m USD,-9.33%,USD,22,Private,Active,n/a
N-Squared Ecommerce Vietnam Company Limited,Vietnam,Ho Chi Minh,n/a,E-Commerce,$3.9m USD,3.55%,USD,5,Private,Active,n/a
Abc Ecommerce LLC,United States,Seattle,Washington,Other IT & Computer Services,$3.9m USD,2.82%,USD,36,Private,Active,n/a
"Ecommerce, Mchj",Uzbekistan,Tashkent,n/a,Computer Programming,$3.9m USD,6.22%,USD,34,Private,Active,2017
"Sichuan Qujinhuo Electronic Ecommerce Co., Ltd.",China,Chengdu,Sichuan,Administrative & Supportive Services,$3.9m USD,1.2%,USD,78,Private,Active,2016
Shrew And Whale Ecommerce Private Limited,India,Bengaluru,n/a,"Wholesale & Retail Trade, Including Motor Vehicle Repairs",$3.9m USD,11.82%,USD,24,Private,Active,n/a
Plushkart Ecommerce Private Limited,India,Jaipur,Rajasthan,"Wholesale & Retail Trade, Including Motor Vehicle Repairs",$3.9m USD,-11.45%,USD,21,Private,Active,n/a
For Sure Ecommerce Private Limited,India,Mumbai,n/a,Postal Services,$3.9m USD,-0.79%,USD,40,Private,Active,n/a
Lingaro Ecommerce Sp Z O O,Poland,Warszawa,Mazowieckie,Computer Programming,$3.9m USD,0.16%,USD,3,Private,Active,2009
Mum Mum Care Ecommerce Private Limited,India,Noida,Uttar Pradesh,"Wholesale & Retail Trade, Including Motor Vehicle Repairs",$3.9m USD,-6.76%,USD,20,Private,Active,n/a
Shenzhen Simple Agel Ecommerce Ltd,China,Shenzhen,Guangdong,"Wholesale & Retail Trade, Including Motor Vehicle Repairs",$3.9m USD,17.16%,USD,7,Private,Active,2012
Vyaavrutti Ecommerce Private Limited,India,Ahmedabad,n/a,"Wholesale & Retail Trade, Including Motor Vehicle Repairs",$3.9m USD,4.09%,USD,22,Private,Active,n/a
Tray Tecnologia Em Ecommerce Ltda,Brazil,Marilia,Sao Paulo,Computer Programming,$3.8m USD,12.98%,USD,115,Private,Active,2007
Nexflow Ecommerce Private Limited,India,New Delhi,Delhi,"Wholesale & Retail Trade, Including Motor Vehicle Repairs",$3.8m USD,-0.5%,USD,23,Private,Active,n/a
Bhavishya Ecommerce Private Limited,India,Kolkata,West Bengal,"Wholesale & Retail Trade, Including Motor Vehicle Repairs",$3.8m USD,-2.29%,USD,21,Private,Active,2010
Driver Factor Ecommerce Private Limited,India,Bengaluru,n/a,"Wholesale & Retail Trade, Including Motor Vehicle Repairs",$3.8m USD,13.67%,USD,24,Private,Active,n/a
Searchfit Ecommerce Solutions Private Limited,India,New Delhi,Delhi,Telecommunications,$3.8m USD,2.11%,USD,33,Private,Active,2007
Powerstores Ecommerce Ltd,Canada,Toronto,Ontario,Computer Programming,$3.8m USD,-10.63%,USD,23,Private,Active,2015
Stor2U Technology & Ecommerce Solutions Private Limited,India,Goa,Goa,"Computer Programming, Consultancy",$3.8m USD,2.5%,USD,43,Private,Active,n/a
Luker Ecommerce Private Limited,India,Hyderabad,Telangana,"Wholesale & Retail Trade, Including Motor Vehicle Repairs",$3.8m USD,18.21%,USD,24,Private,Active,n/a
Duestellar Ecommerce Private Limited,India,Ernakulam,Kerala,"Electrical Household Appliances, Furniture, Lighting Equipment & Other Articles",$3.8m USD,5.05%,USD,22,Private,Active,n/a
Whuso Ecommerce Solutions Private Limited,India,Mumbai,Maharashtra,"Computer Programming, Consultancy",$3.8m USD,15.66%,USD,43,Private,Active,n/a
Archard Ecommerce Services Private Limited,India,Kolkata,West Bengal,"Computer Programming, Consultancy",$3.8m USD,14.37%,USD,44,Private,Active,n/a
Local Originals Ecommerce (Opc) Private Limited,India,New Delhi,Delhi,"Wholesale & Retail Trade, Including Motor Vehicle Repairs",$3.7m USD,-8.82%,USD,22,Private,Active,n/a
Shubhak Ecommerce Solutions Llp,India,Bengaluru,Karnataka,"Wholesale & Retail Trade, Including Motor Vehicle Repairs",$3.7m USD,-0.85%,USD,21,Private,Active,n/a
Sumi Raj Ecommerce (Opc) Private Limited,India,Agartala,Tripura,"Other Sales Excluding Stores, Stalls & Market",$3.7m USD,-15.23%,USD,18,Private,Active,n/a
Mindmine Ecommerce Private Limited,India,Dhenkanal,Odisha,"Wholesale & Retail Trade, Including Motor Vehicle Repairs",$3.7m USD,-3.18%,USD,22,Private,Active,n/a
Pinkeve Ecommerce Private Limited,India,Bengaluru,n/a,"Wholesale & Retail Trade, Including Motor Vehicle Repairs",$3.7m USD,-2.87%,USD,20,Private,Active,n/a
Drupalmist Ecommerce Private Limited,India,Chennai,n/a,"Other Sales Excluding Stores, Stalls & Market",$3.7m USD,4.4%,USD,19,Private,Active,n/a
Ecommerce Processing,United States,Ontario,California,Telecommunications,$3.7m USD,0.67%,USD,18,Private,Active,2003
Ketogeniq Ecommerce Private Limited,India,Bengaluru,Karnataka,"Wholesale & Retail Trade, Including Motor Vehicle Repairs",$3.7m USD,-0.6%,USD,20,Private,Active,n/a
Aravalii Ecommerce India Private Limited,India,Gurugram,n/a,"Wholesale & Retail Trade, Including Motor Vehicle Repairs",$3.7m USD,10.52%,USD,23,Private,Active,n/a
Bytor Ecommerce Technology Private Limited,India,Jalna,Maharashtra,"Computer Programming, Consultancy",$3.7m USD,3.53%,USD,43,Private,Active,n/a
Monirul Bazaar And Ecommerce Private Limited,India,Murshidabad,West Bengal,"Wholesale & Retail Trade, Including Motor Vehicle Repairs",$3.7m USD,-7.06%,USD,22,Private,Active,n/a
Scuba Ecommerce Llp,India,Navi Mumbai,Maharashtra,Travel Agencies,$3.7m USD,0.32%,USD,25,Private,Active,n/a
Qingdao Asked Agel Ecommerce Ltd,China,Qingdao,Shandong,"Retail Trade, Except Motor Vehicles",$3.7m USD,0.3%,USD,30,Private,Active,2017
Aeoniz Ecommerce Solutions Private Limited,India,Hyderabad,Telangana,"Computer Programming, Consultancy",$3.7m USD,10.25%,USD,42,Private,Active,n/a
Packeta Ecommerce GmbH,Germany,Leipzig,Sachsen,Computer Programming,$3.7m USD,-0.66%,USD,3,Private,Active,2016
Gt Ecommerce Solutions Private Limited,India,Delhi,Delhi,"Other Sales Excluding Stores, Stalls & Market",$3.6m USD,8.8%,USD,18,Private,Active,n/a
Asg Ecommerce & Services Private Limited,India,Karimganj,Assam,"Wholesale & Retail Trade, Including Motor Vehicle Repairs",$3.6m USD,-1.45%,USD,20,Private,Active,n/a
Softail Retail & Ecommerce Private Limited,India,Ghaziabad,n/a,"Wholesale & Retail Trade, Including Motor Vehicle Repairs",$3.6m USD,-7.92%,USD,21,Private,Active,n/a
Dfb Ecommerce Private Limited,India,Coimbatore,Tamil Nadu,"Wholesale & Retail Trade, Including Motor Vehicle Repairs",$3.6m USD,-12.04%,USD,20,Private,Active,n/a
Unisandip India Ecommerce Private Limited,India,Hooghly,West Bengal,"Computer Programming, Consultancy",$3.6m USD,3.73%,USD,39,Private,Active,n/a
Lucten Ecommerce Private Limited,India,New Delhi,Delhi,"Wholesale & Retail Trade, Including Motor Vehicle Repairs",$3.6m USD,-15.2%,USD,20,Private,Active,n/a
Shenzhen Pinhai Ecommerce Ltd,China,Shenzhen,Guangdong,Administrative & Supportive Services,$3.6m USD,6.14%,USD,64,Private,Active,n/a
Green Gullak Retail And Ecommerce Private Limited,India,Mumbai,n/a,"Wholesale & Retail Trade, Including Motor Vehicle Repairs",$3.6m USD,-3.46%,USD,20,Private,Active,n/a
Senapathi Ecommerce Traders,India,Pune,Maharashtra,"Wholesale Trade, Except Motor Vehicles",$3.6m USD,21.88%,USD,13,Private,Active,n/a
Upriver Ecommerce Private Limited,India,Delhi,n/a,"Wholesale & Retail Trade, Including Motor Vehicle Repairs",$3.6m USD,4.94%,USD,22,Private,Active,n/a
Tansha Quo Ecommerce Private Limited,India,Thane,Maharashtra,"Wholesale & Retail Trade, Including Motor Vehicle Repairs",$3.6m USD,3.66%,USD,21,Private,Active,n/a
"Wenzhou Qiaopinhui Ecommerce Co., Ltd.",China,Wenzhou,Zhejiang,"Wholesale & Retail Trade, Including Motor Vehicle Repairs",$3.6m USD,3.76%,USD,33,Private,Active,2015
"Huizhou Beidalian Ecommerce Co., Ltd.",China,Huizhou,Guangdong,"Wholesale Trade, Except Motor Vehicles",$3.6m USD,-13.96%,USD,7,Private,Active,n/a
Globalezio Ecommerce Services Private Limited,India,Bengaluru,Karnataka,"Computer Programming, Consultancy",$3.6m USD,0.15%,USD,38,Private,Active,n/a
Shrushti Abhilasha Ecommerce Service Private Limited,India,Pune,Maharashtra,"Wholesale & Retail Trade, Including Motor Vehicle Repairs",$3.6m USD,-0.88%,USD,20,Private,Active,n/a
Bhojmantra Ecommerce Private Limited,India,Udaipur,Rajasthan,"Computer Programming, Consultancy",$3.6m USD,5.87%,USD,40,Private,Active,n/a
Elitecrate Ecommerce Llp,India,Surat,Gujarat,Other Household Goods,$3.6m USD,2.73%,USD,21,Private,Active,n/a
Tralexho Ecommerce Private Limited,India,Bengaluru,n/a,E-Commerce,$3.6m USD,2.16%,USD,17,Private,Active,n/a
Padmavatimart Ecommerce Private Limited,India,Kheda,Gujarat,Telecommunications,$3.6m USD,9.58%,USD,33,Private,Active,n/a
"Guangzhou Iplas Ecommerce Co., Ltd.",China,Guangzhou,Guangdong,"Finance-Related Services, Except Insurance & Pension Funding",$3.5m USD,-1.84%,USD,191,Private,Active,2014
Jisarwa Ecommerce Trading Private Limited,India,Buldhana,Maharashtra,"Wholesale & Retail Trade, Including Motor Vehicle Repairs",$3.5m USD,14.82%,USD,23,Private,Active,n/a
"Beijing Qitai Youpin Ecommerce Co., Ltd.",China,Beijing,Beijing,Administrative & Supportive Services,$3.5m USD,10.31%,USD,66,Private,Active,2015
Cozy Fit Ecommerce Private Limited,India,Delhi,n/a,"Other Sales Excluding Stores, Stalls & Market",$3.5m USD,10.63%,USD,19,Private,Active,n/a
Proxizon Ecommerce Llp,India,Raigad,Maharashtra,Other Household Goods,$3.5m USD,-16.29%,USD,17,Private,Active,n/a
Mission Ecommerce,United States,Scottsdale,Arizona,E-Commerce,$3.5m USD,-15.01%,USD,16,Private,Active,2009
N-Squared Ecommerce Company Limited,Thailand,Bang Bon,Bangkok,Construction,$3.5m USD,7.8%,USD,7,Private,Active,2017
Chengdu Huantian Agel Ecommerce Ltd,China,Chengdu,Sichuan,"Food, Beverages & Tobacco Products",$3.5m USD,8.9%,USD,2,Private,Active,2016
Hifreek Ecommerce Private Limited,India,Bengaluru,n/a,"Other Sales Excluding Stores, Stalls & Market",$3.5m USD,13.5%,USD,19,Private,Active,n/a
Moretail Ecommerce Private Limited,India,Mumbai,Maharashtra,"Computer Programming, Consultancy",$3.4m USD,9.12%,USD,41,Private,Active,n/a
"Qingdao Wenge Boer Ecommerce Co., Ltd.",China,Qingdao,Shandong,Administrative & Supportive Services,$3.4m USD,0.87%,USD,"1,311",Private,Active,2005
Shenzhen Jin Xin Agel Ecommerce Ltd.,China,Shenzhen,Guangdong,"Retail Trade, Except Motor Vehicles",$3.4m USD,3.99%,USD,6,Private,Active,2011
Surmila Ecommerce Private Limited,India,Jaipur,n/a,"Other Sales Excluding Stores, Stalls & Market",$3.4m USD,-4.9%,USD,17,Private,Active,n/a
Ecommerce Management Group LLC,United States,Phoenix,Arizona,Construction,$3.4m USD,-12.54%,USD,12,Private,Active,n/a
Suviro Ecommerce Private Limited,India,Bengaluru,Karnataka,"Wholesale & Retail Trade, Including Motor Vehicle Repairs",$3.4m USD,-7.75%,USD,18,Private,Active,2012
Surge Ecommerce Llp,India,Rupnagar,n/a,Other Non-Specialized Stores,$3.4m USD,-1.11%,USD,25,Private,Active,n/a
"Hangzhou Lido Agel Ecommerce Co., Ltd.",China,Hangzhou,Zhejiang,"Wholesale & Retail Trade, Including Motor Vehicle Repairs",$3.4m USD,9.65%,USD,22,Private,Active,2013
Darandsons Ecommerce Solutions Private Limited,India,Srinagar,Jammu & Kashmir,"Wholesale & Retail Trade, Including Motor Vehicle Repairs",$3.4m USD,-5.61%,USD,19,Private,Active,n/a
Afc Goglobal Ecommerce Limited,New Zealand,Auckland,Auckland,"Wholesale & Retail Trade, Including Motor Vehicle Repairs",$3.4m USD,11.85%,USD,20,Private,Active,2016
Digitlife Ecommerce Private Limited,India,Cachar,n/a,"Wholesale & Retail Trade, Including Motor Vehicle Repairs",$3.4m USD,-8.27%,USD,19,Private,Active,n/a
Tripiquip Ecommerce (Opc) Private Limited,India,Bankura,West Bengal,"Wholesale & Retail Trade, Including Motor Vehicle Repairs",$3.4m USD,3.58%,USD,19,Private,Active,n/a
Tahiri Ecommerce Private Limited,India,Bengaluru,Karnataka,"Computer Programming, Consultancy",$3.4m USD,9.08%,USD,41,Private,Active,n/a
Console Ecommerce Services Private Limited,India,Delhi,Delhi,"Wholesale & Retail Trade, Including Motor Vehicle Repairs",$3.4m USD,-4.46%,USD,19,Private,Active,n/a
Suhana Zindagi Ecommerce Private Limited,India,Ranchi,Jharkhand,"Computer Programming, Consultancy",$3.4m USD,2.53%,USD,39,Private,Active,n/a
Creative Ecommerce Ventures Private Limited,India,Mumbai,n/a,"Wholesale & Retail Trade, Including Motor Vehicle Repairs",$3.4m USD,2.28%,USD,20,Private,Active,n/a
Shoopam Ecommerce Llp,India,Indore,Madhya Pradesh,"Wholesale & Retail Trade, Including Motor Vehicle Repairs",$3.4m USD,3.28%,USD,19,Private,Active,n/a
"Ecommerce 360, Corp.",United States,Hialeah,Florida,Computer Programming,$3.4m USD,21.32%,USD,8,Private,Active,n/a
Byanjon Enterprise & Ecommerce Llp,India,Agartala,Tripura,"Wholesale & Retail Trade, Including Motor Vehicle Repairs",$3.4m USD,12.85%,USD,20,Private,Active,n/a
Patlooris Ecommerce Private Limited,India,Hyderabad,Telangana,"Wholesale & Retail Trade, Including Motor Vehicle Repairs",$3.4m USD,-11.58%,USD,18,Private,Active,n/a
Shenzhen Clown Fish Agel Ecommerce Ltd,China,Shenzhen,Guangdong,"Wholesale & Retail Trade, Including Motor Vehicle Repairs",$3.3m USD,-11.98%,USD,5,Private,Active,2012
24Innovations Ecommerce Llp,India,Mumbai,Maharashtra,"Wholesale & Retail Trade, Including Motor Vehicle Repairs",$3.3m USD,11.63%,USD,20,Private,Active,n/a
Matasri Ecommerce Private Limited,India,Hyderabad,Telangana,"Computer Programming, Consultancy",$3.3m USD,1.65%,USD,39,Private,Active,n/a
Srishti Ecommerce Networks Private Limited,India,Jaipur,Rajasthan,Other Specialized Wholesale Activities,$3.3m USD,15.59%,USD,14,Private,Active,n/a
Store To Source Ecommerce Private Limited,India,Mahendragarh,Haryana,Other Non-Specialized Stores,$3.3m USD,-3.57%,USD,27,Private,Active,n/a
Stucii Ecommerce Llp,India,Rupnagar,Punjab,"Wholesale & Retail Trade, Including Motor Vehicle Repairs",$3.3m USD,-3.41%,USD,20,Private,Active,n/a
Chrysalis Ecommerce Private Limited,India,Ahmednagar,Maharashtra,Other Non-Specialized Stores,$3.3m USD,3.6%,USD,26,Private,Active,2012
Dazzelz India Ecommerce Llp,India,Mahabubnagar,Telangana,"Wholesale & Retail Trade, Including Motor Vehicle Repairs",$3.3m USD,-15.71%,USD,18,Private,Active,n/a
"Liansheng Yijia Ecommerce Co., Ltd.",China,Jiujiang,Jiangxi,Administrative & Supportive Services,$3.3m USD,-1.02%,USD,59,Private,Active,2014
Greenshank Consulting & Ecommerce Llp,India,New Delhi,n/a,Other Non-Specialized Stores,$3.3m USD,1.7%,USD,25,Private,Active,n/a
Localgrahak Ecommerce Private Limited,India,Gaya,Bihar,"Computer Programming, Consultancy",$3.3m USD,-9.74%,USD,34,Private,Active,n/a
Neomoda Ecommerce Private Limited,India,Prakasam,Andhra Pradesh,"Other Sales Excluding Stores, Stalls & Market",$3.3m USD,4.72%,USD,17,Private,Active,2016
Emantina Ecommerce And Distribution Services Sl.,Spain,Madrid,Madrid,"Wholesale & Retail Trade, Including Motor Vehicle Repairs",$3.3m USD,16.43%,USD,3,Private,Active,2016
"Jiangsu Chuanglian Agel Ecommerce Co., Ltd.",China,Changzhou,Jiangsu,"Wholesale & Retail Trade, Including Motor Vehicle Repairs",$3.3m USD,4.6%,USD,21,Private,Active,2014
Arbaazar Ecommerce Services Private Limited,India,Murshidabad,n/a,"Computer Programming, Consultancy",$3.3m USD,-4.21%,USD,36,Private,Active,n/a
Art Tales Ecommerce Private Limited,India,Jaipur,Rajasthan,"Wholesale & Retail Trade, Including Motor Vehicle Repairs",$3.3m USD,0.33%,USD,20,Private,Active,n/a
Rojeslabs Ecommerce Llp,India,Kamrup,n/a,"Computer Programming, Consultancy",$3.3m USD,8.26%,USD,37,Private,Active,n/a
Cashpee Ecommerce Private Limited,India,Birbhum,n/a,"Wholesale & Retail Trade, Including Motor Vehicle Repairs",$3.3m USD,-3.96%,USD,19,Private,Active,n/a
Splengo Ecommerce Private Limited,India,Hazaribag,Jharkhand,"Wholesale & Retail Trade, Including Motor Vehicle Repairs",$3.3m USD,-7.52%,USD,19,Private,Active,n/a
Superbachat Ecommerce Llp,India,East Champaran,n/a,Other Non-Specialized Stores,$3.3m USD,-0.37%,USD,25,Private,Active,n/a
Flysal Ecommerce Private Limited,India,Mumbai,n/a,"Computer Programming, Consultancy",$3.3m USD,-1.83%,USD,37,Private,Active,n/a
Modimania Ecommerce Private Limited,India,New Delhi,Delhi,"Other Sales Excluding Stores, Stalls & Market",$3.2m USD,-4.4%,USD,17,Private,Active,2016
Supply Kicks Ecommerce,United Arab Emirates,Dubai,Dubai,Advertising,$3.2m USD,-3.9%,USD,24,Private,Active,n/a
Damas Llc Ecommerce,United Arab Emirates,Dubai,Dubai,Other Non-Specialized Stores,$3.2m USD,-11.17%,USD,27,Private,Active,n/a
Superlocal Ecommerce Private Limited,India,Khammam,n/a,E-Commerce,$3.2m USD,-4.7%,USD,16,Private,Active,n/a
Igrocer Ecommerce Llp,India,Kanyakumari,Tamil Nadu,Other Non-Specialized Stores,$3.2m USD,-4.82%,USD,24,Private,Active,n/a
Treasure Tree Ecommerce Llp,India,Hyderabad,n/a,Other Non-Specialized Stores,$3.2m USD,-0.87%,USD,27,Private,Active,n/a
Jotoyss Ecommerce India Private Limited,India,Bengaluru,Karnataka,"Computer Programming, Consultancy",$3.2m USD,-9.76%,USD,33,Private,Active,n/a
Needbuys Ecommerce Service India Llp,India,Cooch Behar,n/a,"Wholesale & Retail Trade, Including Motor Vehicle Repairs",$3.2m USD,3.69%,USD,19,Private,Active,n/a
Jeevarudhi Ecommerce Private Limited,India,New Delhi,Delhi,"Wholesale & Retail Trade, Including Motor Vehicle Repairs",$3.2m USD,0.19%,USD,18,Private,Active,n/a
Shadus Ecommerce Private Limited,India,Bengaluru,Karnataka,Veterinary Services,$3.2m USD,-10.88%,USD,41,Private,Active,n/a
"Xian Magic Ecommerce Co., Ltd.",China,Xi'an,Shaanxi,"Wholesale & Retail Trade, Including Motor Vehicle Repairs",$3.2m USD,-7.83%,USD,18,Private,Active,2017
Pt. Hatata Ecommerce Technology,Indonesia,Jakarta Selatan,n/a,Computer Programming,$3.2m USD,19.12%,USD,66,Private,Active,n/a
Mkgalaxy Ecommerce Solutions (Opc) Private Limited,India,Mumbai,Maharashtra,"Wholesale & Retail Trade, Including Motor Vehicle Repairs",$3.2m USD,6.88%,USD,19,Private,Active,n/a
Ecommerce Expertise,United States,Sudbury,Massachusetts,Computer Programming,$3.2m USD,-3.56%,USD,16,Private,Active,2013
Pt. Brilliant Ecommerce Berjaya,Indonesia,Jakarta Selatan,Dki Jakarta,Telecommunications,$3.2m USD,14.14%,USD,29,Private,Active,2015
Cogokart Ecommerce Private Limited,India,Delhi,Delhi,"Other Sales Excluding Stores, Stalls & Market",$3.2m USD,-4.86%,USD,16,Private,Active,n/a
"Chongqing Longshuigou Agel Ecommerce Co., Ltd.",China,Chongqing,Chongqing,Administrative & Supportive Services,$3.1m USD,-5.31%,USD,57,Private,Active,2015
Shandong Weilong Agel Ecommerce Ltd,China,Longkou,Shandong,"Retail Trade, Except Motor Vehicles",$3.1m USD,0.04%,USD,30,Private,Active,2014
Spdyshop Ecommerce And Digital Marketingprivate Limited,India,Dhenkanal,Odisha,"Computer Programming, Consultancy",$3.1m USD,-12.47%,USD,33,Private,Active,n/a
Foxstart Ecommerce Private Limited,India,Varanasi,Uttar Pradesh,"Wholesale & Retail Trade, Including Motor Vehicle Repairs",$3.1m USD,-13.19%,USD,17,Private,Active,n/a
Charlie Ecommerce Trade Services Company Limited,Vietnam,Ho Chi Minh,n/a,"Retail Trade, Except Motor Vehicles",$3.1m USD,-6%,USD,14,Private,Active,n/a
"B.F Ecommerce Co., Ltd.",South Korea,Seoul,Seoul,"Retail Trade, Except Motor Vehicles",$3.1m USD,3.37%,USD,19,Private,Active,2017
Casa Ecommerce Private Limited,India,Pune,Maharashtra,E-Commerce,$3.1m USD,-6.87%,USD,15,Private,Active,2016
"Chongqing Fuling District Easy To Live Agel Ecommerce Co., Ltd",China,Chongqing,Chongqing,"Other Sales Excluding Stores, Stalls & Market",$3.1m USD,9.1%,USD,17,Private,Active,2016
Active Connect Ecommerce Sdn. Bhd.,Malaysia,Kuala Lumpur,Kuala Lumpur,Information & Communication,$3.1m USD,-1.49%,USD,25,Private,Active,2015
Syvi Ecommerce Llp,India,Kanpur,Uttar Pradesh,Other Non-Specialized Stores,$3.1m USD,-11.23%,USD,22,Private,Active,n/a
Cyberscape Ecommerce Llp,India,New Delhi,Delhi,Other Non-Specialized Stores,$3.1m USD,0.4%,USD,25,Private,Active,n/a
"Xinhua Yiwu (Beijing) Ecommerce Co., Ltd.",China,Beijing,Beijing,Computer Programming,$3.1m USD,0.91%,USD,15,Private,Active,2016
Naikan Ecommerce Llp,India,Solapur,Maharashtra,Other Non-Specialized Stores,$3.1m USD,-3.73%,USD,24,Private,Active,n/a
Shenzhen Itl Ecommerce Supply Chain Limited Company,China,Shenzhen,Guangdong,Construction,$3.1m USD,-3.35%,USD,29,Private,Active,2015
Pitney Bowes Global Ecommerce Ireland Limited,Ireland,Dublin,Co Dublin,"Wholesale & Retail Trade, Including Motor Vehicle Repairs",$3.0m USD,-3.21%,USD,71,Private,Active,2012
Hebei Dejin Agel Ecommerce Ltd,China,Cangzhou,Hebei,"Wholesale & Retail Trade, Including Motor Vehicle Repairs",$3.0m USD,3.45%,USD,21,Private,Active,2014
Meetee Ecommerce Private Limited,India,Ahmedabad,n/a,Other Goods in Specialized Stores,$3.0m USD,10.12%,USD,20,Private,Active,n/a
Svarna Ecommerce India Private Limited,India,Jalna,Maharashtra,Other New Goods,$3.0m USD,-3.95%,USD,16,Private,Active,n/a
F3 Ecommerce Consultancy Llp,India,Surat,n/a,"Computer Programming, Consultancy",$3.0m USD,-4.31%,USD,33,Private,Active,n/a
Woodwey Ecommerce Private Limited,India,Sriganganagar,Rajasthan,"Other Sales Excluding Stores, Stalls & Market",$3.0m USD,4.43%,USD,16,Private,Active,n/a
Gac Ecommerce Private Limited,India,New Delhi,Delhi,Transportation & Storage,$3.0m USD,0.66%,USD,25,Private,Active,2006
Charlie Ecommerce Trade Services Company Limited,Vietnam,Ho Chi Minh,n/a,"Retail Trade, Except Motor Vehicles",$3.0m USD,-9.13%,USD,14,Private,Active,n/a
Mungmee Ecommerce Company Limited,Thailand,Vadhana,n/a,E-Commerce,$3.0m USD,-3.76%,USD,14,Private,Active,n/a
Newunimart Ecommerce Private Limited,India,Munger,n/a,"Electrical Household Appliances, Furniture, Lighting Equipment & Other Articles",$3.0m USD,-13.74%,USD,17,Private,Active,n/a
Dpr Ecommerce Services Llp,India,Bhopal,Madhya Pradesh,Other Non-Specialized Stores,$3.0m USD,-2.83%,USD,24,Private,Active,n/a
The Ecommerce Marketplace Co Ltd,Mauritius,Port Louis,n/a,E-Commerce,$3.0m USD,4.29%,USD,10,Private,Active,2014
Enpointe Ecommerce Llp,India,Mumbai,n/a,"Computer Programming, Consultancy",$3.0m USD,-5.22%,USD,32,Private,Active,n/a
Ecommerce Panda LLC,United States,Brentwood,California,Other Food Services,$3.0m USD,-14.41%,USD,16,Private,Active,n/a
Rsmalviya Son'S Ecommerce Llp,India,Betul,Madhya Pradesh,"Wholesale & Retail Trade, Including Motor Vehicle Repairs",$3.0m USD,-6.77%,USD,17,Private,Active,n/a
Shenzhen Distribution Network Agel Ecommerce Ltd,China,Shenzhen,Guangdong,Computer Programming,$3.0m USD,-1.87%,USD,12,Private,Active,2015
Shaa Ecommerce Private Limited,India,Bengaluru,Karnataka,"Wholesale & Retail Trade, Including Motor Vehicle Repairs",$2.9m USD,-10.77%,USD,16,Private,Active,n/a
Swingcart Ecommerce Private Limited,India,Ranchi,n/a,Soft Drinks & Water,$2.9m USD,4.71%,USD,51,Private,Active,n/a
Fastkarts Ecommerce Llp,India,New Delhi,n/a,E-Commerce,$2.9m USD,5.73%,USD,16,Private,Active,2016
"Tianjin Agel Ecommerce Co., Ltd.",China,Tianjin,Tianjin,Computer Programming,$2.9m USD,2.23%,USD,71,Private,Active,2016
Lechify Ecommerce Private Limited,India,Patna,Bihar,"Wholesale & Retail Trade, Including Motor Vehicle Repairs",$2.9m USD,-2.19%,USD,18,Private,Active,n/a
"Shenzhen Micro Joint Era Agel Ecommerce Co., Ltd.",China,Shenzhen,Guangdong,"Retail Trade, Except Motor Vehicles",$2.9m USD,-5.98%,USD,7,Private,Active,2013
Lemontie Ecommerce Llp,India,Pune,n/a,"Computer Programming, Consultancy",$2.9m USD,1.93%,USD,35,Private,Active,n/a
Chengdu Meal Surplus Power Agel Ecommerce Ltd,China,Chengdu,Sichuan,"Wholesale & Retail Trade, Including Motor Vehicle Repairs",$2.9m USD,-3.69%,USD,15,Private,Active,2017
"Shanghai Huanshang Ecommerce Consulting Co., Ltd.",China,Shanghai,Shanghai,Administrative & Supportive Services,$2.9m USD,7.47%,USD,54,Private,Active,2015
Vac Ecommerce Company Limited,Vietnam,Ho Chi Minh,n/a,"Electrical Household Appliances, Furniture, Lighting Equipment & Other Articles",$2.9m USD,-2.5%,USD,15,Private,Active,n/a
Hong Phat Ecommerce Company Limited,Vietnam,Ha Noi,n/a,"Electrical Household Appliances, Furniture, Lighting Equipment & Other Articles",$2.9m USD,14.41%,USD,17,Private,Active,n/a
Businessbustle Ecommerce Services Llp,India,Muzaffarpur,Bihar,"Wholesale & Retail Trade, Including Motor Vehicle Repairs",$2.9m USD,-6.62%,USD,17,Private,Active,n/a
Mayajune Ecommerce (Pty) Ltd,South Africa,Gauteng,n/a,Medical & Dental Practices,$2.9m USD,-3.93%,USD,10,Private,Active,2015
Dreamyshop Ecommerce Llp,India,Vellore,n/a,E-Commerce,$2.9m USD,-8.75%,USD,14,Private,Active,2016
Owlse Ecommerce Llp,India,Bengaluru,n/a,E-Commerce,$2.9m USD,-6.65%,USD,14,Private,Active,2016
Magdu Ecommerce Private Limited,India,Pune,Maharashtra,E-Commerce,$2.9m USD,-7.79%,USD,15,Private,Active,2017
Ecommerce Goods Inc,United States,Miami,Florida,Other Household Goods,$2.9m USD,11.06%,USD,4,Private,Active,n/a
European Ecommerce Services GmbH,Germany,Hamburg,Schleswig-Holstein,Computer Programming,$2.9m USD,-2.87%,USD,58,Private,Active,2006
Xiamen Yi East Agel Ecommerce Ltd.,China,Xiamen,Fujian,Administrative & Supportive Services,$2.9m USD,0.4%,USD,12,Private,Active,2016
Ecommerce Pharma,Morocco,Agdal Riyad (Ar),n/a,"Other Sales Excluding Stores, Stalls & Market",$2.9m USD,-6.99%,USD,9,Private,Active,n/a
The Gate Ecommerce Ltd.,United Kingdom,London,London,"Food, Beverages & Tobacco Wholesales",$2.9m USD,7.39%,USD,10,Private,Active,2018
Zefi Ecommerce (Holding) Ltd.,United Kingdom,London,London,Holding Company Activities,$2.9m USD,16.08%,USD,20,Private,Active,2018
"Chongqing Mt Ecommerce Co.,Ltd.",China,Chongqing,Chongqing,Administrative & Supportive Services,$2.9m USD,10.33%,USD,55,Private,Active,2015
Bazingatp Ecommerce Company Limited,Hong Kong SAR China,Sai Wan Ho,n/a,"Wholesale & Retail Trade, Including Motor Vehicle Repairs",$2.9m USD,-2.54%,USD,18,Private,Active,2015
Getfresh Ecommerce Private Limited,India,Raipur,Chhattisgarh,E-Commerce,$2.9m USD,-5.44%,USD,15,Private,Active,2016
Capstone Ecommerce Llp,India,Sundargarh,n/a,E-Commerce,$2.9m USD,-9.49%,USD,14,Private,Active,2016
Max Ecommerce Llp,India,Vellore,Tamil Nadu,E-Commerce,$2.9m USD,13.91%,USD,16,Private,Active,2015
Celcom Ecommerce Sdn. Bhd.,Malaysia,Kuala Lumpur,Kuala Lumpur,Telecommunications,$2.9m USD,2.83%,USD,26,Private,Active,1999
Shanghai Homa Ecommerce Ltd.,China,Shanghai,Shanghai,Computer Programming,$2.8m USD,7.47%,USD,64,Private,Active,2014
Proventure Ecommerce Private Limited,India,New Delhi,Delhi,Retail Sales via Stalls & Markets,$2.8m USD,11.75%,USD,17,Private,Active,2015
Luoyang Teachers College Information Technology College Ecommerce Department,China,Pingdingshan,Henan,Higher Education,$2.8m USD,-0.69%,USD,30,Private,Active,n/a
Blue Baskit Ecommerce Service,India,Lucknow,n/a,Other Goods in Specialized Stores,$2.8m USD,-3.68%,USD,18,Private,Active,n/a
Tog And Trim Ecommerce Llp,India,Etawah,Uttar Pradesh,"Wholesale & Retail Trade, Including Motor Vehicle Repairs",$2.8m USD,-8.33%,USD,17,Private,Active,n/a
Avaryka Ecommerce (Opc) Private Limited,India,Murshidabad,n/a,Other Non-Specialized Stores,$2.8m USD,0.57%,USD,21,Private,Active,n/a
Asen Cross Border Ecommerce Sdn. Bhd.,Malaysia,Kuala Lumpur,Kuala Lumpur,Information & Communication,$2.8m USD,-3.11%,USD,24,Private,Active,2016
Advance Ecommerce Marketing Sdn. Bhd.,Malaysia,Georgetown,Pulau Pinang,Information & Communication,$2.8m USD,1.23%,USD,25,Private,Active,2013
Bizbuzzz Ecommerce And Advertising Private Limited,India,Bengaluru,n/a,Advertising,$2.8m USD,9.84%,USD,24,Private,Active,2016
"Henan Owns The Agel Ecommerce Co., Ltd.",China,Zhengzhou,Henan,"Wholesale & Retail Trade, Including Motor Vehicle Repairs",$2.8m USD,2.17%,USD,51,Private,Active,2012
Siddaguru Ecommerce Llp,India,Hyderabad,n/a,"Electrical Household Appliances, Furniture, Lighting Equipment & Other Articles",$2.8m USD,-1.36%,USD,17,Private,Active,2016
Force Multiplier Ecommerce Private Limited,India,Delhi,Delhi,"Wholesale & Retail Trade, Including Motor Vehicle Repairs",$2.8m USD,10.56%,USD,17,Private,Active,2015
Fs Ecommerce GmbH,Germany,Leipzig,Sachsen,Other IT & Computer Services,$2.8m USD,-10.76%,USD,38,Private,Active,2014
Lorven Ecommerce Uk Ltd.,United Kingdom,London,London,Holding Company Activities,$2.8m USD,2.33%,USD,20,Private,Active,2018
Dream Wiz Ecommerce Private Limited,India,New Delhi,Delhi,Other Specialized Wholesale Activities,$2.7m USD,6.58%,USD,18,Private,Active,2016
Safecom Internet & Ecommerce Safety Foundation,India,Mumbai,Maharashtra,Education,$2.7m USD,17.51%,USD,37,Private,Active,n/a
"Zuixianwang (Hunan) Ecommerce Co., Ltd.",China,Changsha,Hunan,Administrative & Supportive Services,$2.7m USD,-2.6%,USD,49,Private,Active,2015
Ecommerce Forum Of Africa,South Africa,Douglasdale,Gauteng,"Other Sales Excluding Stores, Stalls & Market",$2.7m USD,-13.83%,USD,9,Private,Active,2016
Saphia Vn Alkaline Ecommerce Joint Stock Company,Vietnam,Ha Noi,n/a,"Retail Trade, Except Motor Vehicles",$2.7m USD,17.51%,USD,24,Private,Active,n/a
Cellva Ecommerce (Opc) Private Limited,India,Vaishali,Bihar,"Wholesale & Retail Trade, Including Motor Vehicle Repairs",$2.7m USD,10.85%,USD,14,Private,Active,n/a
Way2Lead Ecommerce Private Limited,India,Bengaluru,Karnataka,"Wholesale Trade, Except Motor Vehicles",$2.7m USD,11.69%,USD,21,Private,Active,2015
Omnipack Ecommerce Services Sp Z O O,Poland,Nadarzyn,Mazowieckie,Telecommunications,$2.7m USD,-8.93%,USD,1,Private,Active,n/a
Touch N Feel Ecommerce Private Limited,India,Bengaluru,Karnataka,Dairy Products,$2.7m USD,1.21%,USD,50,Private,Active,n/a
Econ Retail & Ecommerce Llp,India,Ghaziabad,n/a,Malt Liquors & Malt,$2.7m USD,8.34%,USD,48,Private,Active,n/a
Mz Ecommerce Di Michael Zambelli,Italy,Montello,n/a,E-Commerce,$2.7m USD,4.98%,USD,27,Private,Active,n/a
Anhui Bean Bear Agel Ecommerce Ltd.,China,Wuhu,Anhui,"Retail Trade, Except Motor Vehicles",$2.7m USD,-0.75%,USD,12,Private,Active,2013
Vietnam Digital Transformation And Ecommerce Solutions Joint Stock Company,Vietnam,Ha Noi,Ha Noi,Information & Communications Equipment in Specialized Stores,$2.7m USD,12.27%,USD,23,Private,Active,n/a
Dg Archive Beauty Accesories Ecommerce Llp,India,Hyderabad,n/a,E-Commerce,$2.7m USD,-9.87%,USD,14,Private,Active,2016
Beijing Hua Pei Agel Ecommerce Ltd,China,Beijing,Beijing,Administrative & Supportive Services,$2.7m USD,-11.4%,USD,44,Private,Active,2014
Ota Ecommerce Private Limited,India,Noida,Uttar Pradesh,"Computer Programming, Consultancy",$2.7m USD,7.14%,USD,29,Private,Active,n/a
Jayaraman Ecommerce Private Limited,India,Hyderabad,Telangana,"Computer Programming, Consultancy",$2.7m USD,9.05%,USD,29,Private,Active,n/a
Jairars Ecommerce Private Limited,India,Gurugram,Haryana,Soft Drinks & Water,$2.7m USD,10.25%,USD,46,Private,Active,n/a
Amima Ecommerce (Opc) Private Limited,India,Surat,Gujarat,"Wholesale & Retail Trade, Including Motor Vehicle Repairs",$2.7m USD,15.71%,USD,15,Private,Active,n/a
Shopcare Ecommerce Services Llp,India,Noida,n/a,E-Commerce,$2.6m USD,-13.27%,USD,13,Private,Active,2016
Honesty Ecommerce (M) Sdn. Bhd.,Malaysia,Petaling Jaya,Selangor,"Wholesale & Retail Trade, Including Motor Vehicle Repairs",$2.6m USD,6.08%,USD,15,Private,Active,2014
Aplus Global Ecommerce (Opc) Private Limited,India,Gautam Buddha Nagar,n/a,"Computer Programming, Consultancy",$2.6m USD,4.75%,USD,29,Private,Active,n/a
Bartsch & Loi Ecommerce Ltd.,United Kingdom,London,London,Non-Specialized Wholesale Trade,$2.6m USD,5.43%,USD,7,Private,Active,2018
Yuti Ecommerce Private Limited,India,Mangaluru,Karnataka,"Clothing, Footwear & Leather Articles",$2.6m USD,12.44%,USD,22,Private,Active,n/a
One Network Ecommerce Inc.,Philippines,Pasig,Manila,Computer Programming,$2.6m USD,10.01%,USD,64,Private,Active,2014
Hong Phat Ecommerce Company Limited,Vietnam,Ha Noi,n/a,"Electrical Household Appliances, Furniture, Lighting Equipment & Other Articles",$2.6m USD,5.16%,USD,16,Private,Active,n/a
Stylewin Ecommerce (Opc) Private Limited,India,Agra,n/a,E-Commerce,$2.6m USD,12.71%,USD,15,Private,Active,n/a
Starpos Ecommerce Private Limited,India,Rupnagar,Punjab,"Computer Programming, Consultancy",$2.6m USD,13.15%,USD,31,Private,Active,n/a
"Big Goods Ecommerce Co., Ltd.",Taiwan,Taichung City,n/a,Cultural & Recreational Goods in Specialized Stores,$2.6m USD,9.59%,USD,8,Private,Active,n/a
Macron Ecommerce & Retail Srl,Italy,Valsamoggia,Bologna,E-Commerce,$2.6m USD,15.96%,USD,6,Private,Active,2015
C2C Ecommerce Private Limited,India,New Delhi,n/a,"Computer Programming, Consultancy",$2.6m USD,16.25%,USD,30,Private,Active,n/a
Arista Ecommerce,India,Mumbai,Maharashtra,"Retail Trade, Except Motor Vehicles",$2.6m USD,4.83%,USD,14,Private,Active,n/a
Valiantkiwi Ecommerce Industries Private Limited,India,Kamrup,Assam,"Computer Programming, Consultancy",$2.6m USD,7.07%,USD,29,Private,Active,n/a
Urbanelements Ecommerce Private Limited,India,Bengaluru,Karnataka,E-Commerce,$2.6m USD,10.17%,USD,13,Private,Active,2015
Ecstasy Ecommerce Private Limited,India,Nashik,n/a,Electronic Components & Boards,$2.6m USD,3.11%,USD,28,Private,Active,2016
Upright Ecommerce Sdn. Bhd.,Malaysia,Kuala Lumpur,Kuala Lumpur,"Wholesale & Retail Trade, Including Motor Vehicle Repairs",$2.6m USD,2.08%,USD,14,Private,Active,2015
Idesiregalaxy Ecommerce Private Limited,India,Surat,Gujarat,"Computer Programming, Consultancy",$2.6m USD,1.73%,USD,28,Private,Active,n/a
B M Ecommerce Private Limited,India,Bhubaneswar,n/a,"Wholesale Trade, Except Motor Vehicles",$2.6m USD,4.79%,USD,19,Private,Active,2016
Ecommerce Informatique Services,France,Nozay,Essonne,"Computer Programming, Consultancy",$2.6m USD,14.43%,USD,11,Private,Active,2001
Simran Ecommerce Private Limited,India,Delhi,Delhi,"Electrical Household Appliances, Furniture, Lighting Equipment & Other Articles",$2.6m USD,5.72%,USD,15,Private,Active,2017
B2Bstop Ecommerce Private Limited,India,Kadapa,Andhra Pradesh,Post-Harvest Crop Activities,$2.6m USD,-6.57%,USD,43,Private,Active,n/a
Wuxuan Guangxi Huawei Agel Ecommerce Ltd,China,Eerduosi,Inner Mongolia,Other Goods in Specialized Stores,$2.6m USD,-0.58%,USD,10,Private,Active,2015
Elhajes Ecommerce Ltd.,United Kingdom,London,London,Motor Vehicle Sales,$2.5m USD,9.2%,USD,7,Private,Active,2018
Posterinfinity Ecommerce Private Limited,India,New Delhi,n/a,"Wholesale Trade, Except Motor Vehicles",$2.5m USD,9.83%,USD,20,Private,Active,2016
Tieups Global Ecommerce Services Private Limited,India,Chennai,Tamil Nadu,"Computer Programming, Consultancy",$2.5m USD,6.52%,USD,29,Private,Active,n/a
Jh Ecommerce Sdn. Bhd.,Malaysia,Kuala Lumpur,Kuala Lumpur,"Electrical Household Appliances, Furniture, Lighting Equipment & Other Articles",$2.5m USD,18.15%,USD,16,Private,Active,2016
Beyond Ecommerce Ltd.,United Kingdom,London,London,Non-Specialized Wholesale Trade,$2.5m USD,6.42%,USD,7,Private,Active,2018
Sizaraa Ecommerce Private Limited,India,Nanded,Maharashtra,"Clothing, Footwear & Leather Articles",$2.5m USD,-9.37%,USD,19,Private,Active,n/a
Mydemand Ecommerce (Opc) Private Limited,India,Thane,n/a,"Computer Programming, Consultancy",$2.5m USD,-2.62%,USD,27,Private,Active,n/a
Khanjee Ecommerce Hub Ltd.,United Kingdom,London,London,Non-Specialized Wholesale Trade,$2.5m USD,-4.95%,USD,8,Private,Active,2018
Gsrp Smartway Ecommerce Private Limited,India,Jamshedpur,Jharkhand,"Computer Programming, Consultancy",$2.5m USD,8.4%,USD,29,Private,Active,n/a
"Creative Agel Ecommerce Co., Ltd.",China,Shanghai,Shanghai,Administrative & Supportive Services,$2.5m USD,-7.77%,USD,46,Private,Active,2015
Minimall Ecommerce,India,Surat,Gujarat,"Retail Trade, Except Motor Vehicles",$2.5m USD,-4.27%,USD,12,Private,Active,n/a
Viettel Ecommerce Limited,Tanzania,Dar Es Salaam,n/a,"Professional, Scientific & Technical Services",$2.5m USD,5.02%,USD,20,Private,Active,2016
Denimwale Ecommerce (Opc) Private Limited,India,Ahmedabad,n/a,"Wholesale & Retail Trade, Including Motor Vehicle Repairs",$2.5m USD,-4.41%,USD,14,Private,Active,n/a
Jw Ecommerce Group (Pty) Ltd,South Africa,Western Cape,n/a,"Trusts, Funds & Similar Financial Entities",$2.5m USD,2.01%,USD,17,Private,Active,n/a
Gaffacart Ecommerce Private Limited,India,Prakasam,n/a,"Food, Beverages & Tobacco in Specialized Stores",$2.5m USD,16.69%,USD,34,Private,Active,n/a
Ecommerce Affinity Inc.,United States,West Palm Beach,Florida,"Finance-Related Services, Except Insurance & Pension Funding",$2.5m USD,11.72%,USD,6,Private,Active,2010
South West Ecommerce Pty Ltd,Australia,Bunbury,Western Australia,"Sales, Maintenance, Repair, Parts & Accessories",$2.5m USD,1.7%,USD,4,Private,Active,2017
Tag Ecommerce Ltd.,United Kingdom,Uxbridge,Middlesex,Non-Specialized Wholesale Trade,$2.5m USD,1.8%,USD,8,Private,Active,2018
